            0.200015 0 0 0  2.45016e-05 -3.71253e-05 -2.24681e-05 0 0 0   -0.011 -0.02329  0.04412 0.000209306  -0.0005283 -8.7697e-05   0.00178028  -0.00505058 -0.000132059 0 0 0  -4.37362 -0.815753    -8.742 
            0.300357  0.0626959  -0.057038 -0.0125843 -0.000194904   0.00456611  -0.00189476  1.13985e-06 -6.94671e-07  -2.4128e-07   -0.011 -0.02329  0.04412 -0.00237597 -0.00235294    0.000815   0.00178025  -0.00505056 -0.000132052 -2.81911e-09 -9.30475e-08  3.83135e-08  -4.37362 -0.815753    -8.742 
            0.399098 0.0164297 -0.034017 0.0363789 0.00132955 0.00209224 0.00274972 -1.49905e-05  2.90005e-06  8.87887e-06     -0.011 -0.0232899  0.0441199 0.00661048  -0.014424  0.0234047   0.00193737  -0.00512803 -0.000311821 -2.25375e-06  2.79397e-06 -5.78077e-06  -4.37362 -0.815756    -8.742 
            0.500204  0.0355406 -0.0601097 0.00885136  -0.00466779 -0.000385391   0.00528569 -0.00213067   0.0231383 -0.00108851 -0.0109992 -0.0232957  0.0441226 -0.0218979  -0.019527  0.0253434   0.00189517   -0.0051265 -0.000199468   0.00437336  0.000378255 -0.000495291  -4.37716 -0.815994   -8.7402 
            0.598998 0.00468576 -0.0213132  0.0576342 -0.0053168 0.00218863 0.00629678   0.0431289 -0.00453651  -0.0211791 -0.0109924 -0.0232953  0.0441255 -0.0155566 0.00119121  0.0178965  0.00184977 -0.00515741 -0.00027382  0.00185601 -0.00810041  0.00551375  -4.37323 -0.807552  -8.74295 
            0.700065 -0.0904587  0.0110618  0.0916536 -0.00692647  0.00743846  0.00323981   0.120114 -0.0419165 -0.0562073 -0.0109852 -0.0232792  0.0441363   -0.014834   0.0278899 -0.00425545   0.00191404  -0.00514402 -0.000302101 0.00427111 -0.0216182  0.0252726  -4.36799 -0.793145  -8.74689 
            0.800052 -0.135363 0.0636051  0.108382 -0.00179388   0.0173533  0.00153731   0.203739  -0.130306 -0.0898287 -0.0109867 -0.0232802  0.0441418  0.0144763  0.0639789 -0.0141348   0.00181565  -0.00504738 -0.000276749 -0.0135606 -0.0383369  0.0249928   -4.3549 -0.777841  -8.75479 
            0.899994 -0.0315894  0.0908449  0.0458686 0.000473231   0.0129247 0.000248182  0.0815547  -0.134918 -0.0278827  -0.010957 -0.0232642  0.0441913  0.0220148    0.02405 -0.0158397   0.00186494  -0.00511783 -0.000258693 -0.0147484  -0.013931  0.0244026  -4.35338 -0.801229  -8.75343 
             1.00018  0.0359666  0.0758087 0.00491427 0.00183483 0.00800739 0.00181204 0.00910946  -0.109241  0.0062304 -0.0109354 -0.0232512  0.0442134   0.0226092 -0.00461277 -0.00502118   0.00188581  -0.00513696 -0.000206708   -0.0142916 -0.000311021    0.0150681 -4.35671 -0.81486 -8.75052 
             1.10018  0.0878291  0.0816539 -0.0388339  0.00361167 0.000331899  0.00144301 -0.0478714   -0.10217  0.0345588 -0.0109331 -0.0232544   0.044216   0.0246327  -0.0351092 -0.00585553   0.00189943  -0.00516721 -0.000162108 -0.0127082  0.0111702   0.015418  -4.35732 -0.825755  -8.74919 
                 1.2  0.0703264  0.0194805 -0.0168984   0.00056297 -0.000317154    0.0011716 -0.0266831 -0.0621903  0.0199827 -0.0109243 -0.0232403  0.0442412  0.00543845  -0.0265626 -0.00677706   0.00190068  -0.00510146 -0.000204413 -0.00364261     0.00712   0.0174867  -4.36369 -0.821435  -8.74642 
             1.30022 0.0286359  0.008094 0.0334529 -0.00085913  0.00230479  0.00165061 0.00521095 -0.0459878 0.00231585 -0.010905 -0.023236  0.044262 -0.00131079 -0.00693079 -0.00464756    0.0019373  -0.00511146 -0.000295793 -0.00151468 0.000521913    0.015248  -4.36638 -0.815202  -8.74566 
             1.40002  0.0354978 0.00632965  0.0364555 -0.00186784  0.00439576 0.000926736   0.0210862  -0.0414483 -0.00610081 -0.0109017  -0.023236  0.0442638 -0.00396981  0.00378746 -0.00766562   0.00187789  -0.00511104 -0.000264754 -0.00021844 -0.00259517   0.0160145 -4.36717 -0.81211 -8.74556 
             1.49907   0.0319194 -0.00419683   0.0274703 0.000376848  0.00079876  0.00235618 -0.000721023   -0.0483948   0.00541585    -0.0109 -0.0232328  0.0442659  0.00665399  -0.0114913 1.40646e-05   0.00195312  -0.00506314 -0.000278049 -0.00460077   0.0012384   0.0100529  -4.36597 -0.816394  -8.74576 
             1.59927   0.0240175 -0.00356077   0.0377642 -0.0038976 -0.0012417 0.00449991 -0.00592258  -0.0195844  0.00556116  -0.010902 -0.0232331  0.0442611 -0.0108368 -0.0154814 0.00788497   0.00199918  -0.00514438 -0.000319148 0.000202161  0.00211494  0.00810536  -4.37038 -0.817162  -8.74348 
             1.70008  0.0222838 -0.0119172  0.0310009 -0.00495553  0.00632593  0.00506168  0.0346641 -0.0201429 -0.0145606 -0.0109075 -0.0232339  0.0442604 -0.0112033  0.0185113 0.00496139   0.00190488  -0.00512419 -0.000259084 0.000135697 -0.00598688  0.00821308 -4.37054 -0.80944 -8.74412 
              1.7986   0.027115 -0.0191992  0.0281243 -0.0019895  0.0103749 0.00165769  0.0452384 -0.0453102 -0.0175842 -0.0109081 -0.0232348  0.0442601 0.00431992  0.0280507 -0.0115601   0.00186888  -0.00504074 -0.000236187 -0.00243128 -0.00764907   0.0131455  -4.36673 -0.807614  -8.74619 
             1.89996 -0.015643 0.0234352   0.02075 -0.000364842   0.00872918 -0.000482055   0.0280336   -0.051128 -0.00854591 -0.0109077 -0.0232347   0.044256  0.0102772  0.0132637 -0.0166176  0.00202473 -0.00513405 -0.00023046 -0.00304891 -0.00411897   0.0142351  -4.36572 -0.810921  -8.74639 
             1.99914  0.0229052 0.00520569  0.0316649 -0.00128446  0.00473661  0.00147412  0.00688549  -0.0367895 0.000606856 -0.0109059  -0.023225  0.0442656  0.00382474  -0.0070931 -0.00303517   0.00197991  -0.00512168 -0.000282453  -0.00265864 -0.000356385   0.00926614  -4.36778 -0.814842    -8.745 
             2.09987  0.0536925 -0.0283139 0.00408318 0.00226671 0.00332908 0.00580117   0.002461 -0.0392943  0.0030565 -0.0108957 -0.0232149   0.044263  0.0156188 -0.0115325  0.0143417   0.00191631  -0.00503008 -0.000222533  -0.00723415 -0.000228465   0.00111044  -4.36737 -0.815701  -8.74512 
              2.2001  0.0366696 -0.0168154  0.0152053 -0.0010287 0.00410014 0.00578545   0.0096114  -0.0258562 -0.00171608 -0.0108932 -0.0232097  0.0442649 -0.00130504 -0.00403722  0.00814376   0.00195189  -0.00509135 -0.000242722 -0.00264434  -0.0012995   0.0049165  -4.36948 -0.814237  -8.74421 
             2.29978  0.0462544 -0.0197749  0.0217138 -0.00210713  0.00118672  0.00655742  0.0019669 -0.0228503 0.00181709 -0.0108953 -0.0232092  0.0442638 -0.00422861  -0.0136708  0.00816187  0.00195181 -0.00508529 -0.00025998 -0.00184614 0.000261133  0.00531641  -4.36989 -0.815661  -8.74387 
                 2.4  0.025484 -0.018527 0.0304574 -0.00448846 -0.00227932  0.00444169 -0.00294678  -0.0215246  0.00414299  -0.010895 -0.0232044   0.044261  -0.0108336   -0.020817 -0.00337656    0.0020153  -0.00508688 -0.000285237 0.000641912  0.00164872  0.00976631  -4.37005 -0.816556   -8.7437 
             2.49989  0.0556788 -0.0303191  0.0264298 -0.00326544 9.52956e-05  0.00461091  0.00946679  -0.0272155 -0.00151692  -0.010895 -0.0232054  0.0442573 -0.00271911 -0.00565722 -0.00268487   0.00190623  -0.00504444 -0.000263691  -0.00123624 -0.000964389   0.00828394  -4.36926 -0.814261  -8.74431 
             2.59978   0.0193208 -0.00778708   0.0214116  -0.0065123 0.000894327  0.00415981   0.0131379  -0.0193933 -0.00398881 -0.0108949 -0.0232053  0.0442562    -0.012844 -0.000342356  -0.00451572    0.0019979  -0.00511511 -0.000253867 0.000844447 -0.00160006   0.0093184  -4.37047 -0.813494  -8.74378 
             2.69983  0.0180473 0.00607072  0.0237126 -0.00210624  0.00333901  0.00128265   0.0201409  -0.0369876 -0.00593301 -0.0108935 -0.0232043  0.0442607 0.00835506 0.00930899 -0.0154955   0.00199196  -0.00510807 -0.000255407 -0.00215921 -0.00291039   0.0103641  -4.36782 -0.812303  -8.74522 
             2.79979    0.025096 -0.00252399   0.0301718 -0.000610809   0.00159723   0.00193669   0.0126738  -0.0355176 -0.00237406 -0.0108921 -0.0232025  0.0442621    0.0114768 -0.000564585  -0.00780728   0.00198611  -0.00508944 -0.000270668 -0.00322657 -0.00166334  0.00763236  -4.36801 -0.813721  -8.74499 
             2.90004    0.0179417 -0.000645215    0.0255536 -0.00140272  0.00075839  0.00272476   0.0102967  -0.0287621 -0.00179717 -0.0108911 -0.0232026  0.0442628  0.00503136  -0.0033313 -0.00266116   0.00200197   -0.0051076 -0.000265493 -0.00247741 -0.00129722  0.00641408  -4.36903 -0.814125  -8.74444 
             2.99991  0.0319444 -0.0259728  -0.015122 -0.0015575 0.00247374 0.00520216   0.0142792   -0.024004 -0.00420575 -0.0108903 -0.0232019  0.0442626 0.00264737   0.003388 0.00690536   0.00196164  -0.00506209 -0.000176621 -0.00290313 -0.00235247  0.00365156  -4.36979 -0.813336  -8.74414 
             3.10006  0.031488 -0.018133 0.0368967 -0.00325931  0.00502307  0.00496119   0.0194677  -0.0207355 -0.00708495 -0.0108841 -0.0231974  0.0442623 -0.00436762   0.0126683  0.00293522   0.00195423  -0.00508204 -0.000291338 -0.00153062 -0.00325785  0.00507811  -4.37032 -0.812324  -8.74396 
             3.19993  0.0155422 -0.0247096   0.021529 -0.00151723  0.00274874  0.00395592   0.0122421  -0.0266284 -0.00296466 -0.0108837 -0.0231963  0.0442594  0.00453756 0.000141159 -0.00233071   0.00200602  -0.00505229 -0.000271844 -0.00236151 -0.00174535  0.00578479 -4.36937 -0.81374 -8.74431 
             3.29995   0.0113462 -0.00486377    0.022544 -0.00286699  0.00155768  0.00385588  0.00974235  -0.0226751 -0.00209029 -0.0108842 -0.0231965  0.0442569 -0.00156652 -0.00517331 -0.00210297   0.00201769  -0.00510276 -0.000280483 -0.00141724 -0.00121625  0.00608738  -4.36996 -0.814181  -8.74397 
                 3.4    0.0331883 -0.000564226    0.0173308 -0.00226203  -0.0033273  0.00359123 0.000929787  -0.0239776  0.00237537 -0.0108827 -0.0231951  0.0442615  0.00223926  -0.0208893 -0.00229386   0.00199845  -0.00510875 -0.000260126 -0.00175255 0.000534266  0.00593572  -4.36971 -0.815857  -8.74394 
             3.49992  0.0215353 -0.0175782  0.0437909 -0.000878164  -0.00373746    0.0036275 0.00395322  -0.025965 0.00105555 -0.0108815  -0.023196  0.0442615  0.00646974  -0.0145205 -0.00203555   0.00201792  -0.00506351 -0.000312025  -0.00242138 -0.000122831   0.00539503  -4.36942 -0.815302  -8.74413 
             3.59848   0.0168696 -0.00969658   0.0365658 -0.00246052  0.00299387   0.0024579   0.0195397  -0.0227647 -0.00690676 -0.0108821 -0.0231953  0.0442649  -0.0014334   0.0155167 -0.00780439   0.00199312  -0.00508709 -0.000287694 -0.00114278 -0.00313133  0.00667377     -4.37 -0.812324  -8.74412 
             3.69984  0.0160161 -0.0210113  0.0279072 -0.00034779  0.00159822  0.00311753   0.0137845  -0.0253882 -0.00385189 -0.0108793 -0.0231941  0.0442636 0.00690552 0.00456996  -0.002775  0.00200499 -0.00505838 -0.00028158  -0.0025275 -0.00213462  0.00495124  -4.36957 -0.813438  -8.74423 
             3.79907  0.0385529 -0.0145407  0.0355191 -0.00328726  0.00429113  0.00421479  0.0174156 -0.0177582 -0.0063138 -0.0108794 -0.0231921  0.0442603 -0.00595195   0.0128781  0.00162731    0.0019562  -0.00508349 -0.000285963 -0.00118091  -0.0028978  0.00457036  -4.37076 -0.812696  -8.74371 
             3.89984  0.0363252 -0.0406161  0.0492319 -0.00440391  0.00364764  0.00697709   0.0134434  -0.0145573 -0.00465917 -0.0108778 -0.0231927    0.04426 -0.00798108  0.00601201   0.0115741   0.00197491  -0.00503432 -0.000324765 -0.00153007 -0.00228477  0.00257258  -4.37123 -0.813426  -8.74341 
             3.99981  0.0262629 -0.0339373  0.0390566 -0.00332916  0.00345143  0.00748472   0.0122249  -0.0181866 -0.00372144 -0.0108772 -0.0231914  0.0442602 -0.00117138  0.00329856   0.0091123   0.00200136  -0.00503865 -0.000307245 -0.00219884 -0.00202762  0.00269927  -4.37067 -0.813681  -8.74366 
             4.09984  0.0323713 -0.0271672  0.0355207 -0.00325039  0.00103822  0.00725664  0.00796003  -0.0193721 -0.00151797 -0.0108757 -0.0231912  0.0442603 2.84775e-05 -0.00651892  0.00494573   0.00199849  -0.00504182 -0.000303522  -0.0020218 -0.00109349  0.00353086  -4.37045 -0.814491   -8.7437 
             4.19983   0.0349157 -0.00690535   0.0316055 -0.00275604 -0.00126751  0.00531941   0.00579752   -0.0220368 -0.000219253 -0.0108726 -0.0231913  0.0442608  0.00271532    -0.01226 -0.00447538   0.00199589  -0.00506858 -0.000293592 -0.00169343 -0.00049819  0.00526206  -4.37002 -0.814914  -8.74387 
             4.29988   0.0201398 -0.00757699    0.016788 -0.00299354 -0.00283022  0.00461826   0.00530578   -0.0213829 -3.68759e-05 -0.0108724 -0.0231914  0.0442606  0.00137194  -0.0133402 -0.00595039   0.00202977   -0.0050657 -0.000267696  -0.00143149 -0.000375162   0.00552251  -4.37011 -0.815001  -8.74382 
             4.39896  0.0388859 -0.0295547  0.0413117 -0.00122371 -0.00408834  0.00370497  0.00548477  -0.0240726 0.000101599 -0.010873 -0.023194 0.0442581  0.00757272  -0.0132928 -0.00787733   0.00200067  -0.00501655 -0.000326528  -0.00202555 -0.000423329   0.00542296  -4.36971 -0.814986  -8.74402 
             4.49977 0.0255218 -0.030534 0.0413393 -0.00151357 -0.00128426  0.00447802   0.0112273  -0.0213846 -0.00296453 -0.0108718 -0.0231942  0.0442594  0.00369628  0.00136255 -0.00322654   0.00201821  -0.00501957 -0.000324291 -0.00194589 -0.00166801  0.00449077  -4.37016 -0.813885   -8.7439 
              4.6003  0.0156049 -0.0253618  0.0403655 -0.000480437 -0.000752703   0.00355899  0.0118378 -0.0227464 -0.0031532 -0.0108715 -0.0231937  0.0442599  0.00623431  0.00325263 -0.00610487  0.00203318 -0.00502607 -0.00031743   -0.002079 -0.00176628  0.00477656  -4.36995 -0.813778  -8.74401 
             4.69987  0.0438919 -0.0233616  0.0526539 -0.00317588 -0.00180672  0.00561344  0.00951752  -0.0162006 -0.00256407 -0.0108731 -0.0231881  0.0442609 -0.00530563 -0.00206693   0.0038264  0.00198626  -0.0050404 -0.00034321 -0.00135149 -0.00140157   0.0035735  -4.37094 -0.814175  -8.74348 
             4.80004  0.0162972 -0.0284633  0.0424786 -0.00211912 -0.00271188  0.00575542  0.00854763  -0.0184763 -0.00188538 -0.0108727 -0.0231872  0.0442599 0.000495153 -0.00437078  0.00282502   0.00204607  -0.00502557 -0.000330896 -0.00187738 -0.00121734  0.00344683  -4.37059 -0.814374  -8.74364 
             4.89975  0.0311467 -0.0336126  0.0483231 -0.00164744 -0.00178162  0.00467151   0.0106358  -0.0199714 -0.00278841 -0.0108728 -0.0231879  0.0442593  0.00207417 0.000659113 -0.00291757  0.00202058 -0.00501492 -0.00033951 -0.00179114 -0.00157128  0.00423012  -4.37037 -0.813986  -8.74379 
             4.99979  0.0242296 -0.0453168  0.0565214 -0.00211771 0.000494599  0.00493422  0.0134288 -0.0187098 -0.0042715 -0.0108718 -0.0231876  0.0442599 -0.000324389   0.00876982  -0.00138545  0.00202144 -0.00499503 -0.00034102 -0.00166723 -0.00216203  0.00396348  -4.37058 -0.813452  -8.74373 
             5.09972  0.0224701 -0.0169257  0.0354493 0.00019343 0.00230684 0.00474828   0.0145965  -0.0216709 -0.00458969 -0.0108722 -0.0231857  0.0442628   0.0084796   0.0123576 -0.00227861   0.00202062  -0.00504008 -0.000298016 -0.00246041 -0.00243352  0.00358377  -4.37014 -0.813252  -8.74397 
             5.19976 0.0398142 -0.043146 0.0364744  0.00200592 0.000310237  0.00524566   0.0103512  -0.0223902 -0.00242731 -0.0108706 -0.0231846  0.0442642   0.0121963 0.000330235 0.000725301  0.00200023 -0.00499218 -0.00030436  -0.0029099 -0.00162595  0.00297487  -4.37001 -0.814057  -8.74396 
             5.29966  0.0227636 -0.0417255  0.0424487 0.000557643 0.000331717  0.00449977   0.0104973  -0.0196165 -0.00274063 -0.0108705 -0.0231826  0.0442646   0.0029626 0.000754762 -0.00270014   0.00203412  -0.00499977 -0.000322793 -0.00188388 -0.00156969    0.003896  -4.37042 -0.814012  -8.74376 
             5.39998  0.0334139 -0.0472814   0.036683 -0.000764441   0.00165778   0.00578393   0.0118033  -0.0167196 -0.00363778 -0.0108704 -0.0231822  0.0442644 -0.00306648  0.00533439  0.00287264    0.0020155  -0.00499361 -0.000304103 -0.00162907 -0.00189542  0.00322589  -4.37088 -0.813749  -8.74355 
             5.49971  0.0296656 -0.0259983  0.0476358 -0.00438008   0.0026376  0.00725746    0.012144  -0.0121052 -0.00420708 -0.0108717 -0.0231808  0.0442611 -0.0146057 0.00705115 0.00700713   0.00202179  -0.00503678 -0.000318122 -0.000782045  -0.00198092   0.00303708  -4.37158 -0.813654  -8.74321 
             5.59952  0.0328597 -0.0475337  0.0355306 -0.00331409 0.000446962  0.00675501  0.00891511  -0.0157324 -0.00229529 -0.0108712 -0.0231798  0.0442596 -0.00575928 -0.00323528  0.00281299   0.00202051  -0.00499181 -0.000300121 -0.00137081 -0.00129498   0.0033437    -4.371 -0.814285  -8.74344 
             5.69998 0.0245439  -0.01816 0.0433338  -0.00533546 -0.000180446   0.00640887   0.0086705  -0.0143877 -0.00229633 -0.0108706 -0.0231793  0.0442581  -0.0104575 -0.00416153 5.02922e-05   0.00203763  -0.00504277 -0.000318462 -0.000824097   -0.0011945   0.00388739  -4.3712 -0.81432 -8.74334 
             5.79973  0.0347353 -0.0359782  0.0376819 -0.00409454 -0.00088825  0.00588059  0.00841489  -0.0172421 -0.00192315  -0.010871 -0.0231792  0.0442566 -0.00222332 -0.00574784 -0.00231823   0.00202697  -0.00500756 -0.000315304 -0.00143443 -0.00114806  0.00384134  -4.37076 -0.814388  -8.74355 
             5.89991   0.0189623 -0.00623034   0.0274806 -0.00407365 -0.00453662  0.00465135   0.00507889    -0.017942 -0.000235234 -0.0108694 -0.0231787   0.044255 -0.000846079   -0.0162833   -0.0059079   0.00207195  -0.00505029 -0.000287078  -0.00133262 -0.000419072   0.00433256  -4.37063 -0.815019  -8.74356 
             5.99967   0.031632 -0.0420054  0.0451312 -0.000376998  -0.00120439   0.00411047   0.0104181  -0.0220388 -0.00253995 -0.0108671 -0.0231824  0.0442475    0.012663  0.00222153 -0.00741038   0.00204424  -0.00498354 -0.000304396 -0.00246681 -0.00157784  0.00375952  -4.37005 -0.814039  -8.74394 
             6.09981  0.0232187 -0.0396338  0.0369157  0.00101955 3.87875e-05  0.00519113  0.0113114 -0.0211965   -0.00305 -0.0108668 -0.0231829  0.0442476    0.012892  0.00470582 -0.00116326   0.00205325  -0.00498761 -0.000311259 -0.00278271 -0.00185038  0.00277775  -4.37018 -0.813869  -8.74389 
             6.19959 0.0349345 -0.031286 0.0280476 -0.00237883 0.000967317  0.00608802    0.011663  -0.0157174 -0.00369755 -0.0108679 -0.0231842  0.0442447 -0.00352178  0.00620439  0.00248196   0.00204156  -0.00501421 -0.000296969  -0.0015963 -0.00191247  0.00288699  -4.37102 -0.813759  -8.74348 
             6.29869  0.0376858 -0.0207948  0.0218607 -0.00554829 0.000437453  0.00702355   0.0103923  -0.0124379 -0.00336565 -0.0108684 -0.0231848  0.0442429 -0.0133413  0.0024292 0.00537897   0.00204808  -0.00503591 -0.000281774 -0.000903076  -0.00164785   0.00291678  -4.37151 -0.813972  -8.74322 
             6.39968  0.0206124 -0.0238181  0.0418341 -0.00397873 -0.00223186  0.00644463  0.00751221  -0.0158775 -0.00166028 -0.0108715 -0.0231872  0.0442399 -0.00257612 -0.00770028   0.0012495    0.0020767  -0.00502622 -0.000308934 -0.00153108 -0.00104201  0.00308682  -4.37097 -0.814536  -8.74344 
             6.49981  0.0239237 -0.0352303   0.007581 0.000451943 -0.00031369  0.00550891  0.0103506 -0.0210429 -0.0025706 -0.0108763 -0.0231823  0.0442372   0.0141163  0.00146236 -0.00360051   0.00205987  -0.00499805 -0.000249609 -0.00265383 -0.00163541  0.00298578   -4.3702 -0.814046  -8.74386 
             6.59884  0.0303035 -0.0340531  0.0316674   0.0003272 -0.00115582  0.00490392  0.00940992  -0.0195832 -0.00223388 -0.0108772 -0.0231808  0.0442376  0.00903814 -0.00210902  -0.0043352   0.00205292  -0.00500312 -0.000296482 -0.00219943 -0.00141214  0.00329138 -4.37041 -0.81421 -8.74374 
             6.69962  0.0304785 -0.0151805  0.0241628 -0.000687181  -0.00385145   0.00489005 0.00694442 -0.0174645 -0.0011972 -0.0108782 -0.0231807  0.0442362  0.00288154  -0.0109181 -0.00272013   0.00206242  -0.00503796 -0.000289358  -0.00174583 -0.000898352   0.00332192  -4.37072 -0.814654  -8.74355 
             6.79969  0.027432  -0.02921 0.0240738 0.000259797 -0.00149147  0.00618666   0.0100616  -0.0173052 -0.00275038 -0.0108776  -0.023181  0.0442368 0.00499039 0.00122916 0.00210642    0.0020634  -0.00501592 -0.000285372 -0.00213214  -0.0016195  0.00248302  -4.37076 -0.814073  -8.74358 
             6.89977  0.0561986 -0.0582044   0.034791 -0.000386286 -0.000939519   0.00777973   0.0103881  -0.0155993 -0.00304723 -0.0108752 -0.0231787   0.044238 0.000798591   0.0020148  0.00713682   0.00201064  -0.00496925 -0.000301306 -0.00203005 -0.00172957  0.00197484  -4.37103 -0.814003  -8.74345 
             6.99967 0.00198035 -0.0252471  0.0275423  -0.0020746 -0.00413301  0.00451323   0.0077006  -0.0158421 -0.00169272 -0.0108684  -0.023169  0.0442299 -0.00475977 -0.00890155 -0.00749718   0.00209404  -0.00501707 -0.000294346 -0.0010528 -0.0009832 0.00402685  -4.37096 -0.814498  -8.74344 
             7.09963 0.0440716 -0.023851 0.0230925 -0.00190358 -0.00385663  0.00484701  0.00866334  -0.0158868 -0.00216013 -0.0108693 -0.0231673   0.044229  -0.0023622 -0.00537713 -0.00398323   0.00203224  -0.00501868 -0.000289511 -0.00134977 -0.00123518  0.00345268  -4.37097 -0.814322  -8.74345 
             7.19982  0.0363773 -0.0402608  0.0354085 -0.00347355 -0.00255158  0.00642615    0.01007 -0.0138014 -0.0030344 -0.0108668 -0.0231666    0.04423 -0.00722031 0.000831887  0.00309381   0.00204414  -0.00499571 -0.000307847 -0.00128311 -0.00159597  0.00270706   -4.3713 -0.814044  -8.74332 
             7.29884  0.0294521 -0.0409934  0.0193634  -0.00327681 -0.000432623   0.00540854    0.011994  -0.0151977 -0.00385287 -0.0108684 -0.0231651  0.0442309 -0.00381952  0.00828419  -0.0023869   0.00205048  -0.00499129 -0.000285744  -0.0013462 -0.00195703  0.00317222  -4.37109 -0.813691  -8.74345 
             7.39973  0.0209212 -0.0351463  0.0394454 -0.00382378 -0.00187679  0.00669083   0.0098182   -0.014333 -0.00285168 -0.0108716 -0.0231661  0.0442297 -0.00415867 3.75634e-06  0.00331714   0.00206439  -0.00499905 -0.000319539 -0.00148996 -0.00155976  0.00252332  -4.37122 -0.814097  -8.74335 
             7.49959  0.0301858 -0.0411187  0.0352274 -0.000963474  0.000464319   0.00591169   0.0119308  -0.0176501 -0.00361221 -0.0108722  -0.023167  0.0442283  0.00743006  0.00869794 -0.00171991   0.00204968  -0.00498363 -0.000311986 -0.00213324 -0.00199607  0.00263433  -4.37073 -0.813724  -8.74363 
             7.59844 0.00984454 -0.0405473   0.030557 -0.00247992 -0.00332701  0.00618477  0.00792018  -0.0155004 -0.00182451 -0.0108706 -0.0231689  0.0442245 -8.20668e-05  -0.00766524  0.000623995    0.0020942  -0.00498602 -0.000312218 -0.00165052 -0.00114848   0.0026928  -4.37102 -0.814459  -8.74341 
             7.69969 0.00829831 -0.0543691  0.0262608  -0.00053003 -0.000378735   0.00603628   0.0110436  -0.0172599 -0.00321757  -0.010872 -0.0231688  0.0442234  0.00651571  0.00580312 -0.00121486   0.00209045  -0.00496127 -0.000302477 -0.00208085 -0.00181796  0.00257845  -4.37078 -0.813886  -8.74359 
             7.79974  0.0265832 -0.0609438  0.0406391 -0.00089816 -0.00157457  0.00722799  0.00943957  -0.0158642 -0.00253529  -0.010873 -0.0231665  0.0442254  0.00269955 -0.00050736  0.00397222   0.00206118  -0.00495358 -0.000321821 -0.00200451 -0.00151768  0.00214244  -4.37098 -0.814177  -8.74346 
             7.89978  0.0170644 -0.0416059  0.0347514 -0.000723487  -0.00268971     0.006548  0.00869007  -0.0162087 -0.00213445 -0.0108718 -0.0231662  0.0442252  0.00270659 -0.00408121 -0.00011688   0.00207504  -0.00497764 -0.000310891 -0.00185169 -0.00131809  0.00259226  -4.37092 -0.814321  -8.74348 
             7.99959  0.0271912 -0.0530504  0.0395673 -0.000999895  -0.00635244   0.00752562   0.00594264   -0.0153474 -0.000851052 -0.0108714 -0.0231657  0.0442262 0.000819008  -0.0159432  0.00415905   0.0020667 -0.00496399 -0.00032394  -0.00183997 -0.000765614   0.00224827  -4.37104 -0.814832  -8.74337 
             8.09956 0.0224544 -0.022443 0.0411179 -0.00224724 -0.00267999   0.0043817  0.0105447 -0.0157724 -0.0031023 -0.0108649 -0.0231639  0.0442263 -0.00347704   0.0039459  -0.0102185   0.00206898  -0.00500802 -0.000323893 -0.00114984 -0.00160247  0.00380112  -4.37099 -0.813966  -8.74348 
             8.19952  0.0400177 -0.0321486  0.0457579  -0.0040926 0.000366878   0.0065715   0.0123037  -0.0132914 -0.00418648 -0.0108627 -0.0231616   0.044226   -0.009051   0.0130229 0.000973303   0.00204811   -0.0049962 -0.000329333 -0.00119069 -0.00208018    0.002658 -4.37139 -0.81362 -8.74331 
             8.30133  0.0267975 -0.0392415  0.0556539 -0.00363229 0.000150949  0.00610849   0.0111296  -0.0145654 -0.00349641 -0.0108636 -0.0231618  0.0442239 -0.00414296  0.00781173 -0.00124109   0.00206781  -0.00498135 -0.000340089 -0.00142619 -0.00182385  0.00273437  -4.37119 -0.813848  -8.74339 
             8.39967  0.0292579 -0.0224997  0.0353716  -0.0016954 -0.00208514  0.00562977  0.00885993  -0.0164478 -0.00221146 -0.0108607 -0.0231594  0.0442245   0.0045931  -0.0030598 -0.00244674  0.00206821 -0.00500426 -0.00031299 -0.00187599 -0.00134634  0.00263952  -4.37088 -0.814287   -8.7435 
             8.49952  0.0304338 -0.0218401  0.0330684 -0.00282509 -0.00324183  0.00651991  0.00813695  -0.0147999 -0.00200592 -0.0108605 -0.0231597  0.0442245 -0.000733899  -0.00639276    0.0013415   0.00206862   -0.0050049 -0.000313024 -0.00166208 -0.00121728  0.00235632  -4.37113 -0.814415  -8.74336 
             8.59967  0.025727 -0.041641 0.0336207  -0.0020823 -0.00633593  0.00650587  0.00634134  -0.0154529 -0.00108178 -0.0108609 -0.0231599  0.0442231  0.00257732  -0.0158865 0.000802301   0.00207745  -0.00497656 -0.000319617  -0.00180927 -0.000834373   0.00234208  -4.37102 -0.814755  -8.74339 
             8.69968  0.0254322 -0.0189336  0.0494839 -0.00305772  -0.0061576  0.00653781  0.00760832  -0.0145682 -0.00177017 -0.0108588 -0.0231588  0.0442218 -0.00176405  -0.0101205  0.00023027   0.00208317  -0.00500641 -0.000332255 -0.00155309 -0.00109535  0.00247149 -4.37116 -0.81451 -8.74334 
             8.79956  0.0288791 -0.0367263    0.03793   -0.002158 -0.00194516   0.0066594   0.0113068  -0.0153038 -0.00355214 -0.0108613 -0.0231589  0.0442207  0.00183524  0.00958989 -0.00047761   0.00207412  -0.00497962 -0.000308153  -0.0017905 -0.00191132  0.00231831  -4.37107 -0.813817  -8.74345 
              8.8983  0.0328834 -0.0173034  0.0264184 -0.00366524 -0.00265378  0.00827869   0.0100558  -0.0134349 -0.00305723 -0.0108622 -0.0231595  0.0442198 -0.0038675 0.00245252 0.00578159   0.00206896  -0.00500906 -0.000298862  -0.0016162 -0.00167581  0.00185455  -4.37135 -0.814046  -8.74329 
             8.99959  0.0244817 -0.0374894  0.0261201 -9.69655e-05  -0.00281922   0.00633847    0.009954  -0.0171122 -0.00274632 -0.0108647 -0.0231583  0.0442167   0.0108019 0.000746448 -0.00432097   0.00207976  -0.00497351 -0.000305913 -0.00215195 -0.00161301  0.00238777  -4.37079 -0.814085  -8.74357 
             9.09959   0.017851 -0.0554499  0.0418399 -0.00128537 -0.00197269  0.00809996   0.010278 -0.0147766  -0.003067 -0.0108622 -0.0231572  0.0442188 0.00266978 0.00372252 0.00348979   0.00208678  -0.00495081 -0.000321188 -0.00193341 -0.00172852  0.00180524  -4.37115 -0.814014  -8.74339 
             9.19951  0.0164988 -0.0381367   0.054944 -0.00216231 -0.00643832  0.00766328  0.00695917  -0.0142055 -0.00143731 -0.0108663 -0.0231562  0.0442181 -0.000631798   -0.0128353  0.000921848   0.00210164  -0.00497513 -0.000339002  -0.00162234 -0.000970413   0.00218235  -4.37121 -0.814634   -8.7433 
             9.29945 0.0167202 -0.042532 0.0444253 -0.00181313 -0.00867788   0.0066733  0.00641284   -0.014886 -0.00110306 -0.0108656  -0.023156  0.0442184 0.000786388  -0.0158416 -0.00307651   0.00210198  -0.00496753 -0.000334598  -0.00159529 -0.000819032   0.00253089   -4.3711 -0.814742  -8.74335 
             9.39951   0.017249 -0.0380129  0.0131806 -0.00403204 -0.00705968  0.00714713  0.00851985  -0.0130737 -0.00232781 -0.0108711   -0.02316  0.0442173  -0.00743708  -0.00439057 -0.000657971   0.00210128  -0.00497652 -0.000297966  -0.001237 -0.0012906 0.00245817  -4.37139 -0.814328  -8.74324 
             9.49961  0.0167109 -0.0269976  0.0324429 -0.00533619 -0.00351858   0.0070231   0.0111581  -0.0127259 -0.00367098 -0.0108675 -0.0231591  0.0442169 -0.00960093   0.0100797 -0.00142855   0.00210068  -0.00499174 -0.000321983  -0.0011282 -0.00186221  0.00252308  -4.37146 -0.813829  -8.74326 
              9.5987 0.00640294 -0.0161102  0.0447642 -0.00735901 -0.00127555  0.00515762   0.0121139  -0.0125908 -0.00414528 -0.0108653  -0.023157  0.0442172 -0.0129076  0.0156617 -0.0082325   0.00211746  -0.00500418 -0.000329166 -0.000767342  -0.00200494   0.00318669  -4.37148 -0.813653  -8.74326 
             9.69948  0.0276326 -0.0181092  0.0257954 -0.00560395 -0.00113872  0.00612521     0.01103  -0.0139349 -0.00349809 -0.0108628  -0.023153  0.0442179 -0.00188586   0.0103595 -0.00183301   0.00208997  -0.00499887 -0.000310261 -0.00148735 -0.00184982  0.00232218  -4.37128 -0.813864  -8.74334 
             9.79855  0.0253289 -0.0497727  0.0408821  -0.00346338 -0.000222818   0.00722241   0.0107701  -0.0150092 -0.00327748 -0.0108605 -0.0231543  0.0442139 0.00618283 0.00939935 0.00274723   0.00208886  -0.00495715 -0.000336561 -0.00203199 -0.00185407  0.00169701  -4.37112 -0.813918  -8.74342 
             9.89953  0.0245068 -0.0368223  0.0305319 -0.00252933 -0.00218216   0.0080181  0.00884877  -0.0149979 -0.00234444 -0.0108605 -0.0231546  0.0442134  0.00771096 -0.00137256  0.00464222     0.002096  -0.00497808 -0.000329036 -0.00213173 -0.00145345  0.00149169  -4.37111 -0.814275  -8.74339 
             9.99954  0.0383515 -0.0431905  0.0384979 -0.00283648  -0.0039306  0.00940022  0.00774111  -0.0139948 -0.00188667 -0.0108612 -0.0231537   0.044214  0.00406377 -0.00722135  0.00828383    0.0020879  -0.00497514 -0.000342915 -0.00201774 -0.00122836    0.001278  -4.37126 -0.814476   -8.7433 
             10.0988  0.0217133 -0.0445504  0.0436683 -0.00331026  -0.0050757  0.00918406 0.00754747 -0.0137857  -0.001808  -0.010861 -0.0231525  0.0442136   0.0012555 -0.00799883  0.00440361   0.00210615  -0.00497139 -0.000346432 -0.00176271 -0.00114748  0.00169379  -4.37128 -0.814509  -8.74328 
             10.1995  0.0130834 -0.0413704  0.0623395 -0.00544561  -0.0037382  0.00802303  0.00901231  -0.0129249 -0.00261138 -0.0108588 -0.0231495  0.0442146  -0.0067018 0.000441708 -0.00192959   0.00212136  -0.00497793 -0.000370249 -0.00121937 -0.00140707  0.00239128  -4.37142 -0.814226  -8.74324 
             10.2995  0.0397771 -0.0376506  0.0389647 -0.00610223 -0.00234856  0.00667129  0.00995662  -0.0132892 -0.00305439 -0.0108606 -0.0231518  0.0442125 -0.00639914  0.00527423   -0.006845   0.00208832  -0.00498364 -0.000342199 -0.00111765 -0.00158543  0.00275718  -4.37137 -0.814049  -8.74328 
             10.3994  0.0424197 -0.0617695  0.0505252 -0.00489482 -0.00106078   0.0058739    0.010409  -0.0144521 -0.00317692 -0.0108609 -0.0231521  0.0442106 -0.000281501   0.00778812    -0.007631   0.00208283  -0.00495075 -0.000352106  -0.0014374 -0.00169835  0.00263898  -4.3712 -0.81397 -8.74337 
             10.4995  0.0293139 -0.0431989  0.0593729 -0.00546581 -0.00092313  0.00914029  0.00968839  -0.0128567 -0.00295641 -0.0108651 -0.0231558  0.0442089 -0.00221214  0.00491962  0.00710208   0.00209441  -0.00497267 -0.000355818 -0.00168933 -0.00164754  0.00142605 -4.37144  -0.8141 -8.74324 
             10.5995  0.0362169 -0.0361002  0.0618071  -0.00508352 -0.000655032   0.00801688  0.00968287  -0.0137526 -0.00288205 -0.0108637 -0.0231557  0.0442092 0.000199755  0.00492679 0.000339856    0.0020846  -0.00498206 -0.000358888 -0.00163303 -0.00160124  0.00194016   -4.3713 -0.814102  -8.74331 
             10.6994  0.0335614 -0.0296343  0.0433623 -0.0048782 0.00105386 0.00818811   0.0103819  -0.0138099 -0.00322248 -0.0108649 -0.0231557  0.0442095  0.00116102  0.00908382 0.000192445   0.00208274  -0.00498874 -0.000335715 -0.00167718 -0.00176429  0.00187911   -4.3713 -0.813971  -8.74332 
             10.7994  0.0243828 -0.0391815  0.0451274 -0.00523331  0.00242419  0.00733798   0.0107224  -0.0137969 -0.00338803 -0.0108656 -0.0231553    0.04421 -0.000135905    0.0110343  -0.00332118   0.00209738  -0.00497847 -0.000339216 -0.00152343 -0.00181133  0.00218171   -4.3713 -0.813908  -8.74333 
             10.8995  0.0239622 -0.0555399  0.0490776 -0.00205533  0.00140482  0.00789659  0.00937251  -0.0153588 -0.00257086 -0.0108653 -0.0231563  0.0442071   0.0111548  0.00344618 0.000196483   0.00210079  -0.00495782 -0.000342009  -0.0021354 -0.00155633  0.00166628  -4.37106 -0.814168  -8.74342 
             10.9992  0.0204971 -0.0372151  0.0517423 -0.00304738   0.0004546  0.00768676  0.00866035  -0.0141903 -0.00231149 -0.0108659 -0.0231557  0.0442056   0.00415318 -0.000724233 -0.000422762  0.00210399 -0.00498268 -0.00034173 -0.00175682 -0.00137371  0.00189381  -4.37122 -0.814295  -8.74333 
             11.0994  0.0315629 -0.0551709  0.0519573 -0.00288937 -0.00140461  0.00888908  0.00754872  -0.0136718 -0.00179351 -0.0108652 -0.0231544  0.0442069  0.00324796 -0.00738275  0.00458196    0.0020916  -0.00496166 -0.000345789 -0.00181805  -0.0011534  0.00153863   -4.3713 -0.814501  -8.74327 
             11.2016  0.0330383 -0.0451155  0.0383483 -0.00510018 -0.00457119  0.00991819  0.00614718  -0.0120393 -0.00123484 -0.0108641 -0.0231563  0.0442059 -0.00528266  -0.0161585  0.00702687   0.00209547  -0.00497731 -0.000333281  -0.00144036 -0.000834586   0.00155336  -4.37153 -0.814754  -8.74313 
             11.2994  0.0191435 -0.0214412  0.0413129 -0.00577752 -0.00696806  0.00840531   0.0058624  -0.0125569 -0.00104888 -0.0108612 -0.0231546  0.0442056 -0.00501261  -0.0176972 -0.00148569   0.00211605  -0.00500684 -0.000336863  -0.00122649 -0.000709618   0.00220852  -4.37144 -0.814809  -8.74317 
             11.3994   0.017747 -0.0486828  0.0536252 -0.00305939 -0.00592734  0.00758836   0.0074582  -0.0145196 -0.00169546 -0.0108613 -0.0231565  0.0442031  0.00654695 -0.00751911 -0.00519109   0.00211145  -0.00497307 -0.000361124 -0.00169996 -0.00108199  0.00215909  -4.37116 -0.814521  -8.74334 
             11.4995  0.0304646 -0.0277459  0.0373223 -0.00537498 -0.00432878  0.00797176  0.00869624  -0.0126749 -0.00248382  -0.010863 -0.0231579  0.0441999  -0.00387929 -8.85347e-05  -0.00224969   0.00209641  -0.00499793 -0.000343052  -0.0012945 -0.00136998  0.00212501  -4.37145 -0.814275  -8.74322 
             11.5994  0.0300935 -0.0421982  0.0488811 -0.00564521 -0.00310577  0.00929086  0.00918152  -0.0123038 -0.00276909 -0.0108616 -0.0231577  0.0441998 -0.0034815 0.00515778 0.00312666    0.0021045  -0.00498089 -0.000349106 -0.00143567 -0.00152435  0.00167652  -4.37151 -0.814181   -8.7432 
             11.6994  0.0449312 -0.0515111  0.0395972 -0.00480089 -0.00121631   0.0084097  0.0100276 -0.0132866 -0.0031071 -0.0108629 -0.0231583  0.0441984 0.000581466   0.0103067  -0.0014175   0.00208859  -0.00496797 -0.000337173 -0.00153305 -0.00169618  0.00193405  -4.37137 -0.814027  -8.74328 
             11.7994  0.0289502 -0.0377937  0.0509955 -0.00535827 -0.00262481  0.00778585  0.00876946  -0.0130493 -0.00249911 -0.0108641 -0.0231581  0.0441961 -0.000998378   0.00152617  -0.00296736   0.00210649  -0.00498314 -0.000355934 -0.00139089 -0.00139024  0.00210933 -4.37139 -0.81426 -8.74325 
             11.8994  0.0385262 -0.0580367  0.0321447  -0.0031501 -0.00191072  0.00822021  0.00900591  -0.0140849 -0.00251683 -0.0108639 -0.0231564  0.0441947  0.00687041  0.00263785 -0.00046664   0.00209454  -0.00495579 -0.000332491 -0.00181706 -0.00147953  0.00173733  -4.37124 -0.814224  -8.74333 
             11.9994  0.0454128 -0.0576559  0.0438909 -0.00385462 -0.00456918  0.00937059  0.00737806  -0.0130076 -0.00179829 -0.0108658 -0.0231552  0.0441955  0.00216714 -0.00806475  0.00440165   0.00209152  -0.00495641 -0.000345868 -0.00168864 -0.00112388  0.00149633  -4.37139 -0.814523  -8.74322 
             12.0994 0.0266737 -0.070222 0.0389265 -0.00231273 -0.00380703  0.00773109  0.00832054  -0.0142734 -0.00215898 -0.0108666 -0.0231525  0.0441969  0.00667468 -0.00181366 -0.00361083   0.00211419  -0.00494101 -0.000342164 -0.00174343 -0.00129991  0.00197586   -4.3712 -0.814351  -8.74334 
             12.1994 0.0285352  -0.05609 0.0393419   -0.002389 -0.00182813  0.00719962  0.00944175  -0.0139331 -0.00275251  -0.010866 -0.0231526  0.0441962  0.00393023  0.00601862 -0.00496594   0.00211089  -0.00495637 -0.000343287 -0.00161705 -0.00155479  0.00206851  -4.37126 -0.814137  -8.74333 
             12.2992  0.0208039 -0.0450812  0.0500829 -0.00339709 -0.00556905  0.00756753 0.00720641 -0.0129695 -0.0016941 -0.0108692 -0.0231521  0.0441945 -0.000864168  -0.00950183   -0.0015692   0.00211709  -0.00496928 -0.000352001 -0.00146394 -0.00104092  0.00192737  -4.37139 -0.814552  -8.74322 
             12.3993 0.0350011 -0.046911 0.0437296 -0.00514574 -0.00481729   0.0103093  0.00788226   -0.011424 -0.00216011  -0.010869 -0.0231501  0.0441938 -0.00686117 -0.00377807  0.00868218   0.00210203  -0.00496419 -0.000345109 -0.00142919 -0.00125827  0.00127002  -4.37164 -0.814417  -8.74311 
             12.4997  0.0357445 -0.0406392  0.0389814 -0.00710987 -0.00457034   0.0112991  0.00818977   -0.010762 -0.00237297 -0.0108693 -0.0231505  0.0441937  -0.0113062 -0.00150723   0.0092743   0.00210486  -0.00497049 -0.000343742   -0.001244 -0.00132675  0.00132397  -4.37174 -0.814354  -8.74307 
             12.5991  0.030923 -0.053773 0.0508563 -0.00686857 -0.00411714    0.008994  0.00869171  -0.0122492 -0.00248403 -0.0108716 -0.0231497  0.0441932 -0.00644136  0.00161803 -0.00292252    0.0021135   -0.0049569 -0.000358386  -0.0012184 -0.00137603  0.00208546  -4.37151 -0.814267  -8.74319 
             12.6993  0.0327999 -0.0401853  0.0453761  -0.0064914 -0.00422515  0.00752953   0.0086322  -0.0130178 -0.00238601 -0.0108712 -0.0231495  0.0441934 -0.00236237  0.00082495 -0.00760088   0.00211272  -0.00497315 -0.000353745 -0.00128266 -0.00134011  0.00232164  -4.37139 -0.814283  -8.74325 
             12.7987  0.0241012 -0.0307253  0.0469975  -0.0056221 -0.00146141   0.0069919 0.00989488 -0.0134841 -0.0029677 -0.0108711 -0.0231495  0.0441948  0.00169332   0.0103105 -0.00774416    0.0021168  -0.00498114 -0.000349296 -0.00146401 -0.00165272  0.00218105 -4.37133 -0.81405  -8.7433 
             12.8992  0.0286569 -0.0408181  0.0543047 -0.00519231 -0.00153746  0.00807486  0.00921912   -0.013132 -0.00266137 -0.0108703 -0.0231493  0.0441948   0.00278969   0.00624872 -0.000932642   0.00211232  -0.00496907 -0.000357516 -0.00163232 -0.00153847  0.00167921  -4.37138 -0.814175  -8.74326 
             12.9993 0.0311966 -0.061293 0.0342203 -0.00232518 -0.00274739  0.00713351  0.00839953  -0.0145664 -0.00210937 -0.0108696 -0.0231472  0.0441925    0.0117565 -1.76213e-05   -0.0040703   0.00211287  -0.00494637 -0.000339856 -0.00195216  -0.0013356  0.00173055  -4.37116 -0.814338  -8.74336 
             13.0994  0.0271307 -0.0607119  0.0428902 -0.00220032 -0.00205091   0.0086541 0.00859903 -0.0135961 -0.0022979   -0.01087 -0.0231472  0.0441924 0.00795828 0.00244903 0.00274967   0.00211848  -0.00494955 -0.000351444 -0.00193233  -0.0014233  0.00130504  -4.37131 -0.814295  -8.74329 
             13.1992  0.0428361 -0.0430159  0.0394117 -0.00617639 -0.00234117  0.00950154   0.0083545  -0.0111881 -0.00240085 -0.0108712 -0.0231462  0.0441877 -0.00871442 0.000580365  0.00511098   0.00210381   -0.0049709 -0.000344166 -0.00127292 -0.00135061  0.00146223  -4.37167 -0.814323   -8.7431 
             13.2993  0.0342088 -0.0506793  0.0430016 -0.00526448 -0.00529869   0.0102891  0.00691523  -0.0119463 -0.00160587 -0.0108716 -0.0231473  0.0441861 -0.00253375  -0.0102644  0.00656485   0.00211222  -0.00496049 -0.000346714 -0.00154832 -0.00102141  0.00128024  -4.37155 -0.814599  -8.74314 
             13.3994  0.0490647 -0.0333624  0.0319806 -0.00846087 -0.00384035   0.0107399  0.00811021  -0.0106293 -0.00232736 -0.0108724 -0.0231487   0.044183  -0.0126833 -0.00172772  0.00546984   0.00209577  -0.00498089 -0.000337938 -0.00111444 -0.00129029  0.00151162  -4.37175 -0.814363  -8.74306 
             13.4992  0.0307693 -0.0322516   0.037201 -0.00670733 -0.00432078   0.0106021  0.00798375  -0.0121465 -0.00213426 -0.0108726 -0.0231486  0.0441826 -0.00176732 -0.00296224  0.00275469   0.00211821   -0.0049806 -0.000346421 -0.00149249 -0.00126244  0.00149165  -4.37152 -0.814397  -8.74317 
             13.5992  0.0410049 -0.0686003   0.042414 -0.00268086 -0.00255254  0.00876131  0.00903051  -0.0145829 -0.00245335 -0.0108777 -0.0231513  0.0441744  0.0127554 0.00433249 -0.0055732   0.00210627  -0.00493775 -0.000347709 -0.00195351 -0.00149813  0.00176267  -4.37116 -0.814213  -8.74337 
             13.6992  0.0228627 -0.0629917  0.0405761 -0.00233423 -0.00326323  0.00838104  0.00849035  -0.0141035 -0.00222402 -0.0108779 -0.0231516  0.0441735   0.0095192 0.000278628 -0.00491902  0.00212231 -0.00494588 -0.00034455 -0.00183477 -0.00136649  0.00176753 -4.37122 -0.81431 -8.74333 
             13.7993 0.00500743 -0.0529294  0.0396138 -0.00190179 -0.00715491  0.00761057  0.00670446  -0.0138969 -0.00134557 -0.0108782 -0.0231517  0.0441704  0.00831117  -0.0132484 -0.00534779   0.00214779  -0.00495706 -0.000348184  -0.00173601 -0.000921856   0.00186489  -4.37124 -0.814642  -8.74329 
             13.8994 0.00930783 -0.0531119   0.039311 -0.00209264 -0.00711279  0.00710199  0.00731452  -0.0134356 -0.00168943 -0.0108783 -0.0231519  0.0441693  0.00491158 -0.00807067 -0.00581221   0.00214486  -0.00495959 -0.000350313  -0.0015962 -0.00106706  0.00191845  -4.37131 -0.814523  -8.74326 
             13.9993  0.0169137 -0.0379983  0.0385697 -0.00319361 -0.00476929  0.00687489  0.00870477  -0.0126436 -0.00247054 -0.0108784  -0.023152  0.0441654 -0.000534483   0.00333177   -0.0052498   0.00213672  -0.00497469 -0.000349225 -0.00139671 -0.00140855  0.00193014  -4.37144 -0.814255  -8.74323 
             14.0993  0.0129016 -0.0358722  0.0498887 -0.00458007 -0.00568518   0.0083233  0.00801233  -0.0115816 -0.00219721  -0.010879 -0.0231515  0.0441653 -0.00575148 -0.00067425  0.00264448    0.0021442   -0.0049791 -0.000353203 -0.00134191 -0.00127367  0.00152775  -4.37159 -0.814375  -8.74314 
             14.1993  0.0229701 -0.0590537  0.0519914 -0.00345389 -0.00405854  0.00886988   0.0087503  -0.0122476 -0.00251815 -0.0108789 -0.0231516  0.0441625 0.000425507  0.00589052  0.00293902   0.00213076  -0.00495415 -0.000355803 -0.00159635 -0.00147417  0.00135322  -4.3715 -0.81424  -8.7432 
             14.2992  0.0230336 -0.0475923  0.0307641 -0.00361991 -0.00275123  0.00717893 0.00921205 -0.0125978 -0.0027152 -0.0108797 -0.0231514  0.0441627 -0.000183249   0.00768284  -0.00442308   0.00213074   -0.0049665 -0.000347987 -0.00144127 -0.00154606  0.00183974  -4.37144 -0.814157  -8.74323 
             14.3993  0.0298541 -0.0548726  0.0378373  -0.00418303 -0.000625112   0.00744227  0.00972078  -0.0122073 -0.00300254 -0.0108795 -0.0231511  0.0441625  -0.0021011   0.0127333 -0.00213904   0.00212886  -0.00496019 -0.000356702 -0.00141365 -0.00168508  0.00170091  -4.37151 -0.814058  -8.74321 
             14.4992  0.0381445 -0.0646127   0.052006  -0.00337877 -0.000386552   0.00914151  0.00914129  -0.0122183 -0.00271375 -0.0108803 -0.0231517  0.0441623 0.00122609 0.00893066 0.00515598   0.00211931  -0.00494891 -0.000361546 -0.00167088 -0.00158851  0.00119334  -4.37151 -0.814166   -8.7432 
             14.6002  0.0234272 -0.0602375  0.0630732 -0.00462071 -0.00274914   0.0106525  0.00770847  -0.0114041 -0.00206411 -0.0108825 -0.0231527  0.0441592 -0.00350292  -0.0022418  0.00907423   0.00213653  -0.00495319 -0.000374907  -0.0015514 -0.00124566  0.00103136  -4.37162 -0.814429  -8.74312 
             14.6991  0.0357937 -0.0511336  0.0305364  -0.0042021 -0.00622838  0.00983885  0.00646556  -0.0120887 -0.00138448 -0.0108768 -0.0231514  0.0441605 -0.000150081    -0.014174   0.00270574   0.00212355  -0.00496299 -0.000349208  -0.00154299 -0.000900963   0.00138392   -4.3715 -0.814665  -8.74316 
             14.7992  0.0395975 -0.0733223   0.047164 -0.00378585 -0.00398909   0.0102529  0.00795698  -0.0122814 -0.00212125 -0.0108758 -0.0231515  0.0441598 0.000712682 -0.00145043  0.00266511   0.00212265  -0.00494281 -0.000369804 -0.00161796 -0.00128433  0.00133089  -4.37149 -0.814385  -8.74319 
             14.8992  0.0236525 -0.0502106  0.0531729 -0.00780106 -0.00391855   0.0113279  0.00800861  -0.0104185 -0.00230757 -0.0108768 -0.0231505  0.0441561   -0.0136546 -1.36249e-05   0.00579894   0.00213997  -0.00497047 -0.000373889 -0.00112322 -0.00129336  0.00136845  -4.37177 -0.814363  -8.74305 
             14.9991  0.0272701 -0.0499077  0.0515424  -0.00601254 -0.000856015    0.0108488  0.0092875  -0.011932 -0.0028441 -0.0108769 -0.0231509  0.0441566 -0.00257212   0.0112559  0.00132102   0.00213361  -0.00496824 -0.000364215  -0.0014778 -0.00161879  0.00143372  -4.37155 -0.814127  -8.74318 
             15.0992  0.0326858 -0.0595321  0.0234664  -0.00556981 -0.000820921   0.00967822   0.0089326  -0.0124797 -0.00261787 -0.0108765 -0.0231505  0.0441564 -8.76972e-05    0.0071569  -0.00330351   0.00212786  -0.00495778 -0.000340838  -0.0014891 -0.00150467   0.0016888  -4.37146 -0.814197  -8.74322 
             15.1991 0.0261154 -0.067299 0.0518827 -0.00272097 -0.00120902  0.00827714  0.00850473  -0.0138504 -0.00228533 -0.0108782 -0.0231532   0.044155  0.0099228 0.00360892 -0.0072248   0.00213775  -0.00494871 -0.000375402 -0.00179839 -0.00139001  0.00177118  -4.37125 -0.814284  -8.74332 
             15.2993  0.0288354 -0.0502745  0.0495359 -0.00499004 -0.00573845  0.00688166  0.00657003  -0.0126372 -0.00142239 -0.0108809 -0.0231518  0.0441531 -0.00112891  -0.0136191 -0.00911472  0.00213877 -0.00496645 -0.00037476  -0.00132698 -0.000865729   0.00209628  -4.37141 -0.814636   -8.7432 
             15.3992  0.0194627 -0.0464815  0.0465054 -0.00385407 -0.00721156   0.0063199  0.00648911  -0.0130486 -0.00134454 -0.0108809  -0.023152  0.0441533  0.00372617  -0.0140301 -0.00840828  0.00214891 -0.00496905  -0.0003641  -0.00150523 -0.000858883   0.00195047  -4.37135 -0.814654  -8.74323 
             15.4991   0.032438 -0.0640985  0.0355336 -0.00128888 -0.00393144  0.00617187  0.00827541  -0.0137716 -0.00218323 -0.0108845 -0.0231508    0.04415   0.0111365  0.00237324 -0.00701939   0.00213412  -0.00495039 -0.000351161 -0.00182972 -0.00134591  0.00168224  -4.37126 -0.814323  -8.74331 
             15.5993 0.0259805 -0.079201 0.0450327 -0.00354407 -0.00146463  0.00835484  0.00898972  -0.0119172 -0.00271999 -0.0108824 -0.0231505  0.0441521 -0.0012985  0.0100825 0.00348697   0.00214338  -0.00493709 -0.000364912  -0.0015761 -0.00157305  0.00122925  -4.37155 -0.814176  -8.74318 
             15.6991  0.0230412 -0.0754882  0.0744485 -0.00416263 -0.00710324  0.00981314 0.00638655 -0.0114615 -0.0013589 -0.0108928 -0.0231507   0.044151 -0.00297324  -0.0131792  0.00884357   0.00215257  -0.00494146 -0.000398837  -0.00157568 -0.000904172   0.00101411   -4.3716 -0.814671  -8.74311 
             15.7991  0.0253231 -0.0681402  0.0285397 -0.00357299 -0.00653116   0.0101864  0.00714048   -0.011905 -0.00170516 -0.0108961 -0.0231494  0.0441513 5.69232e-05 -0.00662324  0.00685312    0.0021527   -0.0049495 -0.000353338 -0.00165876 -0.00109608  0.00108267  -4.37153 -0.814531  -8.74315 
             15.8991  0.0203452 -0.0610421  0.0419411 -0.00477494 -0.00581342   0.0105883  0.00768977  -0.0114945 -0.00202333 -0.0108954  -0.023149  0.0441508 -0.00422222 -0.00136201  0.00562571   0.00215587  -0.00495375 -0.000362852 -0.00149059 -0.00122773   0.0012037   -4.3716 -0.814426  -8.74313 
             15.9992  0.0206575 -0.0468792  0.0416492 -0.00563294  -0.0034773  0.00931253  0.00873852   -0.011693 -0.00254028 -0.0108932  -0.023149  0.0441504 -0.00557794  0.00801635 -0.00162445   0.00215501  -0.00496842 -0.000361813 -0.00133053 -0.00146168  0.00162169  -4.37157 -0.814233  -8.74316 
             16.0991 0.00595647 -0.0536845    0.05841   -0.0082864 -0.000132662    0.0092447  0.00972514  -0.0108815 -0.00310063 -0.0108913  -0.023147  0.0441527  -0.0131456   0.0178059 -0.00183649   0.00217007  -0.00496378 -0.000379113 -0.00107465  -0.0017072  0.00170974  -4.37169 -0.814046  -8.74312 
             16.1992   0.022034 -0.0486876  0.0577363  -0.00876119 -0.000489134    0.0092477  0.00889816   -0.011151 -0.00266875 -0.0108913 -0.0231465  0.0441542  -0.0099788   0.0102398 -0.00112571   0.00215652   -0.0049695 -0.000380555 -0.00118679 -0.00149851  0.00162557  -4.37165 -0.814201  -8.74313 
             16.2991 0.0365463 -0.057479 0.0576283 -0.00644119 0.000654663  0.00992124  0.00888373  -0.0122409 -0.00257315 -0.0108907  -0.023145  0.0441525 0.00175734  0.0106179 0.00150622   0.00214458  -0.00496109 -0.000380526 -0.00163991 -0.00152564   0.0012928  -4.37149 -0.814209   -8.7432 
             16.3991  0.0251673 -0.0289902  0.0565764 -0.00795783  -0.0010801  0.00975824    0.007868  -0.0116429 -0.00211627 -0.0108904 -0.0231459  0.0441493 -0.00351666  0.00111662 0.000718046   0.00215438  -0.00498632 -0.000378367 -0.00140721 -0.00124332  0.00144205  -4.37157 -0.814397  -8.74315 
             16.4991  0.0388107 -0.0738761  0.0606083 -0.00382623 -0.00264499  0.00819202  0.00730446  -0.0135771 -0.00164695 -0.0108939 -0.0231465  0.0441414   0.0120607 -0.00522008 -0.00506918   0.00214008  -0.00494014 -0.000382164 -0.00186493 -0.00108486  0.00156618  -4.37127 -0.814507  -8.74329 
             16.5972  0.0176405 -0.0763616  0.0565837 -0.00308149 -0.00716555  0.00831314   0.00581378   -0.0132485 -0.000909787 -0.0108931 -0.0231482  0.0441371   0.0103449  -0.0189467 -0.00204075   0.00216343  -0.00493924 -0.000383227  -0.00183617 -0.000698542   0.00145366   -4.3713 -0.814785  -8.74324 
              16.699  0.0228796 -0.0683173  0.0514642 -0.00450238 -0.00417787  0.00904614  0.00754532  -0.0122006 -0.00189729 -0.0108943 -0.0231491  0.0441349  0.00150768 -0.00155648 0.000495179  0.00216034 -0.00494829 -0.00038031   -0.001595 -0.00117105  0.00137801  -4.37148 -0.814455  -8.74319 
             16.7991  0.0262191 -0.0559987   0.064476 -0.00871028 -0.00303831  0.00911951   0.0080414  -0.0106131 -0.00228682 -0.0108932 -0.0231465  0.0441301  -0.0133875  0.00306991 0.000245205   0.00215281  -0.00496388 -0.000392878 -0.00106297 -0.00128445  0.00158581  -4.37171 -0.814355  -8.74308 
             16.8992  0.0388277 -0.0604603  0.0457413  -0.00838829 -0.000702794   0.00947964  0.00872507  -0.0111641 -0.00258621 -0.0108948 -0.0231455  0.0441291 -0.00824004   0.0101703  0.00141725   0.00214215  -0.00495966 -0.000367568 -0.00128646 -0.00148306  0.00143956  -4.37164 -0.814229  -8.74313 
              16.999  0.0567543 -0.0510202   0.030265 -0.00668292 -0.00124153   0.0113102  0.00806989  -0.0117165 -0.00219306 -0.0108939 -0.0231431  0.0441303 0.00115547 0.00493993 0.00741864   0.00212659  -0.00496649 -0.000346932 -0.00167748 -0.00134887 0.000962579  -4.37156 -0.814354  -8.74316 
             17.0991  0.0331164 -0.0404581  0.0505836  -0.00849593 -0.000796693    0.0112783    0.008123  -0.0111731 -0.00226808 -0.0108932 -0.0231405  0.0441298 -0.00529268  0.00476488  0.00445842   0.00214755  -0.00497671 -0.000375674 -0.00140213  -0.0013387  0.00121481  -4.37164 -0.814341  -8.74312 
              17.199   0.019596 -0.0414119  0.0538194 -0.00940264 -0.00596525   0.0110463  0.00615071  -0.0111356 -0.00125851 -0.0108955 -0.0231402  0.0441242 -0.00576249  -0.0153377  0.00307602   0.00216412  -0.00497596 -0.000382728  -0.00131434 -0.000787958   0.00137438  -4.37162 -0.814708  -8.74309 
              17.299  0.0280467 -0.0487347  0.0463572 -0.00594749 -0.00383844   0.0101329  0.00746639  -0.0127794 -0.00177799 -0.0108982 -0.0231409  0.0441201  0.00853496 -0.00216571 -0.00209958   0.00215544  -0.00496801 -0.000369057 -0.00173073 -0.00114202  0.00143601  -4.37139 -0.814472  -8.74323 
              17.399  0.0338752 -0.0566972  0.0684576 -0.00529938  -0.0023461   0.0105955   0.0080251  -0.0125847 -0.00208759 -0.0108964 -0.0231404  0.0441194  0.00783609  0.00419977 7.32901e-05   0.00215125  -0.00496039 -0.000381902 -0.00174256 -0.00130518  0.00130759  -4.37142 -0.814369  -8.74322 
             17.4991   0.030979 -0.0621671   0.062781 -0.00508369 -0.00207923   0.0120371  0.00790995  -0.0121134 -0.00206409 -0.0108961 -0.0231407  0.0441194 0.00589241 0.00325321 0.00525626   0.00215156  -0.00495702 -0.000381352 -0.00174965  -0.0012963  0.00104342  -4.37149 -0.814389  -8.74319 
             17.5993  0.0497409 -0.0520287  0.0507155 -0.00534576 -0.00039419   0.0118989   0.0084145  -0.0119472 -0.00234721 -0.0108966 -0.0231421  0.0441177 0.00328153 0.00785834 0.00258068   0.00213391  -0.00496705 -0.000372644 -0.00161545  -0.0014217  0.00121663  -4.37152 -0.814293  -8.74318 
             17.6992  0.0280138 -0.0393531  0.0336302 -0.00768272  0.00160849   0.0106606  0.00890055  -0.0113129 -0.00265444 -0.0108964 -0.0231423  0.0441176 -0.00555472   0.0129409 -0.00348709   0.00215497  -0.00498007 -0.000354727 -0.00122523 -0.00151983  0.00163563  -4.37162 -0.814198  -8.74314 
              17.799  0.0212819 -0.0462729  0.0556904 -0.00752777 0.000214026   0.0075198  0.00809463  -0.0120393 -0.00216545 -0.0108996 -0.0231418  0.0441158 -0.00249386  0.00436932  -0.0137422   0.00216447  -0.00497167 -0.000372279 -0.00116185 -0.00125013  0.00215519   -4.3715 -0.814348  -8.74319 
              17.899 0.00540189 -0.0628468    0.06175 -0.00554865  -0.0018067  0.00396082  0.00734524  -0.0131736 -0.00166503 -0.0109033  -0.023142  0.0441121  0.00558113 -0.00341082  -0.0214747    0.0021793  -0.00495601 -0.000379898 -0.00131069 -0.00100998  0.00248965  -4.37132 -0.814493  -8.74326 
             17.9991  0.0278422 -0.0472112  0.0501532  -0.00754321 -0.000836989   0.00569778  0.00760739  -0.0116014 -0.00193751 -0.0109063 -0.0231373  0.0441099 -0.00340816  0.00102292 -0.00751585   0.00216051  -0.00497168 -0.000370862 -0.00120513 -0.00114367  0.00183816  -4.37156 -0.814434  -8.74315 
              18.099 -0.00133339  -0.0454971    0.060136 -0.00891375 -0.00120949   0.0054445  0.00740407  -0.0111547 -0.00187743 -0.0109065 -0.0231378  0.0441093 -0.00675426 7.57241e-05 -0.00589778   0.00218613  -0.00497142 -0.000379758 -0.00110877 -0.00109272  0.00178181  -4.37162 -0.814468  -8.74311 
              18.199  0.0117903 -0.0702583  0.0557389   -0.006047 -0.00247387  0.00890983  0.00673732   -0.011603 -0.00148073 -0.0109015  -0.023136  0.0441069  0.00534967 -0.00522516  0.00910488   0.00217528  -0.00494847 -0.000371415 -0.00172873 -0.00100081 0.000818668  -4.37155 -0.814583  -8.74314 
              18.299  0.0192948 -0.0613935  0.0489494 -0.00441734 0.000615162   0.0125756  0.00774858  -0.0114817 -0.00202836 -0.0109035 -0.0231343  0.0441054 0.00904998 0.00734923  0.0185173    0.0021674  -0.00495658 -0.000365729 -0.00199771 -0.00135383 0.000229328  -4.37158 -0.814379  -8.74314 
             18.3989  0.0314787 -0.0886896  0.0361209  -0.0026837 0.000874116   0.0118689  0.00772575  -0.0121962 -0.00193593 -0.0109061 -0.0231354  0.0441048  0.0118405 0.00592751 0.00918963  0.00215751  -0.0049319 -0.00035533 -0.00196909 -0.00130066 0.000692871  -4.37147 -0.814394   -8.7432 
              18.499 0.0344323 -0.061683 0.0479148  -0.00352324 -0.000569704    0.0121781  0.00711048  -0.0116372 -0.00166933  -0.010907 -0.0231345  0.0441023   0.00495099 -0.000988163   0.00722123   0.00215576  -0.00495724 -0.000366047 -0.00170732 -0.00110341 0.000892363  -4.37155 -0.814509  -8.74315 
             18.5989  0.0424633 -0.0792964  0.0673351 -0.00506593 -0.00179857   0.0124322  0.00678167  -0.0110712 -0.00154922 -0.0109079 -0.0231328  0.0441026 -0.00242296 -0.00480293  0.00569689   0.00214789   -0.0049423 -0.000380224  -0.00145614 -0.000990584   0.00106858  -4.37162 -0.814568   -8.7431 
             18.6989  0.0255524 -0.0996023   0.055219 -0.00484376 -0.00291135   0.0118348  0.00662708  -0.0114272 -0.00143351 -0.0109093 -0.0231311  0.0441016 -0.00115521 -0.00645985   0.0016942   0.00216054  -0.00492267 -0.000368727  -0.00145457 -0.000926553   0.00127698  -4.37157 -0.814599  -8.74313 
             18.7989 0.0229183 -0.066254 0.0522242 -0.00478144 -0.00360561  0.00845489  0.00676691   -0.012074 -0.00146064 -0.0109029 -0.0231299  0.0441019 -0.000133357  -0.00579515   -0.0115246   0.00216502   -0.0049538 -0.000367709  -0.00129798 -0.000906472   0.00194727  -4.37146 -0.814573  -8.74319 
             18.8989  0.0294743 -0.0681775   0.051886 -0.00858919 -0.00186793  0.00975911   0.0074192  -0.0104594 -0.00193364  -0.010904 -0.0231294  0.0440999  -0.0137184  0.00250856 -0.00265912   0.00216428   -0.0049552 -0.000371466 -0.000988085  -0.00112283   0.00164152  -4.37171 -0.814444  -8.74307 
              18.999  0.0393568 -0.0599668  0.0454636 -0.00716774 -0.00297016  0.00944425  0.00698413  -0.0113417 -0.00162871 -0.0109036 -0.0231286  0.0441014  -0.0037756 -0.00254727 -0.00288823   0.00215695  -0.00496157 -0.000365054 -0.00130124 -0.00100616  0.00152808  -4.37158 -0.814531  -8.74313 
             19.0989  0.0285614 -0.0660429  0.0486699 -0.00604009 -0.00234783    0.010636  0.00717813  -0.0115742 -0.00171044 -0.0109028 -0.0231295   0.044101  0.00143679 0.000232913  0.00239825   0.00216381  -0.00495537 -0.000365754 -0.00154397 -0.00109646  0.00118345  -4.37155 -0.814495  -8.74315 
              19.199  0.0299855 -0.0625735   0.049557 -0.00561385 -0.00144528   0.0102332  0.00747407  -0.0117682 -0.00184584 -0.0109027 -0.0231294  0.0441011   0.00259427   0.00361927 -0.000123813   0.00216308  -0.00495788 -0.000368392 -0.00154688 -0.00117378  0.00128963 -4.37152 -0.81444 -8.74317 
             19.2989  0.0274346 -0.0812349  0.0371038 -0.00374819 -0.00208761  0.00882915  0.00721628  -0.0124938 -0.00164109 -0.0109038 -0.0231284  0.0440994  0.00832115  0.00016145 -0.00549585   0.00216888  -0.00494211 -0.000362907 -0.00166346 -0.00107934  0.00148242  -4.37141 -0.814493  -8.74322 
             19.3989  0.0112253 -0.0643925  0.0428811 -0.00481245 -0.00286143  0.00807787  0.00698155  -0.0119312 -0.00156497 -0.0109041 -0.0231279  0.0440977  0.00173794 -0.00223595 -0.00610763   0.00218253   -0.0049582 -0.000365089  -0.00144138 -0.000999623    0.0015947  -4.37149 -0.814533  -8.74317 
             19.4988  0.0229568 -0.0707009  0.0564506 -0.00330318 -0.00544195  0.00812542  0.00624223  -0.0122246 -0.00114578 -0.0109059  -0.023128  0.0440993  0.00620088  -0.0100736 -0.00327036    0.0021728  -0.00495227 -0.000371579  -0.00161948 -0.000793937   0.00141821  -4.37144 -0.814676  -8.74318 
             19.5998  0.0128645 -0.0696465  0.0477947 -0.00482819 -0.00388091  0.00947673  0.00696187   -0.011315 -0.00159546 -0.0109068 -0.0231289  0.0440993  -0.00134893 -0.000897493   0.00202792   0.00217719  -0.00495492 -0.000368604 -0.00146124 -0.00102858  0.00119894  -4.37159 -0.814533  -8.74313 
             19.6988  0.0322705 -0.0629152  0.0388648 -0.00535426 -0.00524703   0.0100047 0.00657925 -0.0111486 -0.0014087 -0.0109062 -0.0231286  0.0441002 -0.00313075 -0.00660924  0.00365164   0.00216423   -0.0049626 -0.000367553  -0.00143294 -0.000916501   0.00115551  -4.37161 -0.814605  -8.74311 
              19.799  0.0249695 -0.0687337  0.0716281 -0.00690596 -0.00556911   0.0120721  0.00657625  -0.0105093 -0.00146638  -0.010906 -0.0231275  0.0441002 -0.00739432 -0.00449708  0.00991167   0.00217665  -0.00495833 -0.000388728  -0.00137279 -0.000939699  0.000892624 -4.37171  -0.8146 -8.74306 
              19.899  0.0307301 -0.0822179  0.0520936 -0.00690444 -0.00623001   0.0108592  0.00661729    -0.01108 -0.00143534  -0.010908 -0.0231269  0.0440997 -0.00505066 -0.00494433  0.00198847  0.00217127 -0.00494617 -0.00036869  -0.00135878 -0.000918659   0.00126453  -4.37162 -0.814595   -8.7431 
             19.9988  0.0268708 -0.0631471  0.0640342 -0.00700589 -0.00237606     0.01084  0.00791278   -0.011247 -0.00209746 -0.0109059 -0.0231266  0.0441011 -0.00356745    0.010372 0.000139163  0.00216987 -0.00496184 -0.00037847 -0.00139585 -0.00131203  0.00128681 -4.37161 -0.81435 -8.74313 
             20.0988  0.0402621 -0.0399987   0.026079 -0.00872525 -0.00359285   0.0112316  0.00724602  -0.0107581 -0.00179279 -0.0109039 -0.0231277  0.0441007 -0.0078047 0.00179592 0.00143488   0.00215928  -0.00498281 -0.000350308  -0.0012575 -0.00111016   0.0012656  -4.37167 -0.814474  -8.74309 
             20.1989  0.0352563 -0.0766406  0.0539248 -0.00586158 -0.00516599   0.0118427   0.006672 -0.0117457 -0.0014325 -0.010904  -0.02313 0.0440951  0.00479875 -0.00465653  0.00315513   0.00216762  -0.00495097 -0.000374153  -0.00167943 -0.000958379   0.00103458  -4.37152 -0.814586  -8.74315 
             20.2988  0.0271873 -0.0729821  0.0384954 -0.00425096 -0.00361144   0.0102302  0.00732503  -0.0123762 -0.00173369 -0.0109051 -0.0231283  0.0440961  0.00888226  0.00320573 -0.00424863   0.00217572   -0.0049549 -0.000360358 -0.00171699 -0.00113631  0.00133963  -4.37143 -0.814462  -8.74321 
             20.3989  0.0327507 -0.0706656   0.042047 -0.00202176 -0.00302486   0.0102572  0.00738357  -0.0126894 -0.00174434 -0.0109052 -0.0231285  0.0440964   0.0134218  0.00409114 -0.00246962   0.00216916  -0.00495639 -0.000363209  -0.0018812 -0.00116615  0.00120882  -4.37138 -0.814454  -8.74323 
             20.4988  0.0233556 -0.0711281   0.030639 -0.00103479 -0.00520404   0.0106222 0.00662841 -0.0124762 -0.0013529 -0.0109047 -0.0231288  0.0440957   0.0122176 -0.00521492 0.000210272   0.00217614  -0.00495646 -0.000355915  -0.00186647 -0.000941491     0.001111  -4.37141 -0.814595  -8.74321 
             20.5988  0.0318785 -0.0658251  0.0205611 -0.00375408 -0.00436928   0.0100486  0.0070451 -0.0114411 -0.0016689 -0.0109049 -0.0231302  0.0440936  -0.00150235 -0.000455911  -0.00206175   0.00217075  -0.00496202 -0.000349112 -0.00142059 -0.00104924  0.00136326  -4.37156 -0.814505  -8.74314 
              20.699  0.0370051 -0.0696572  0.0397824 -0.00392525 -0.00404112   0.0100397  0.00713927  -0.0114036 -0.00172216 -0.0109046 -0.0231301  0.0440936 -0.00155653  0.00078723 -0.00134918   0.00217109  -0.00495945 -0.000366839  -0.0014272 -0.00108159  0.00132746  -4.37157 -0.814487  -8.74314 
             20.7988  0.0215152 -0.0587162  0.0495348  -0.0047206 -0.00576306    0.010073  0.00661677  -0.0111841 -0.00146394 -0.0109062 -0.0231301  0.0440923  -0.00362426  -0.00548915 -0.000709604  0.00218534 -0.00496727 -0.00037284  -0.00136579 -0.000919649   0.00131665   -4.3716 -0.814583  -8.74311 
              20.899  0.0338661 -0.0539283  0.0416529 -0.00657637 -0.00591614  0.00914626  0.00676675  -0.0108846 -0.00156658 -0.0109063 -0.0231309  0.0440917 -0.00858059 -0.00394665 -0.00419571   0.00217212  -0.00497067 -0.000363772  -0.00116712 -0.000949907   0.00152304  -4.37164 -0.814548   -8.7431 
              20.999  0.0282534 -0.0804093  0.0405847 -0.00604524 -0.00541717  0.00902622  0.00700424  -0.0112425 -0.00166575 -0.0109066 -0.0231304  0.0440902  -0.00403757 -0.000946215  -0.00315283   0.00217709  -0.00494781 -0.000364031  -0.0013315 -0.00103443  0.00142272  -4.37159 -0.814507  -8.74313 
             21.0988 0.0403898 -0.076219 0.0334721  -0.0040248 -0.00476439  0.00995702  0.00716717  -0.0117355 -0.00171436 -0.0109068  -0.023129  0.0440899 0.00431419 0.00116947 0.00143453   0.00217015  -0.00495053 -0.000360841 -0.00164443 -0.00111172  0.00111498  -4.37152 -0.814483  -8.74316 
              21.199  0.0321627 -0.0713097  0.0609431 -0.00549819 -0.00548292    0.010447  0.00692303  -0.0111495 -0.00162579 -0.0109081 -0.0231273  0.0440887 -0.00240666  -0.0016765  0.00305378   0.00217932  -0.00495416 -0.000385002 -0.00145662 -0.00103238  0.00112548  -4.37161 -0.814525  -8.74312 
             21.2989  0.0296234 -0.0531172  0.0751684 -0.0061508 -0.0078556  0.0100064  0.00633288  -0.0111244 -0.00132145 -0.0109087 -0.0231269  0.0440879 -0.00333444  -0.0090456 0.000700994   0.00218015  -0.00496734 -0.000392981  -0.00137781 -0.000835196   0.00126819   -4.3716 -0.814632  -8.74311 
             21.3988 0.00970522 -0.0647483  0.0587304 -0.00527959 -0.00777189  0.00912835  0.00662613  -0.0115936 -0.00143391 -0.0109103  -0.023125  0.0440884 0.000859316 -0.00505424 -0.00319014   0.00219488  -0.00495782 -0.000380431   -0.0014663 -0.000916822   0.00138288 -4.37153 -0.81458 -8.74315 
              21.499  0.0291691 -0.0576088  0.0498994 -0.00481678 -0.00924672  0.00787717 0.00639759 -0.0118141 -0.0012999 -0.0109096 -0.0231256  0.0440891  0.00257429 -0.00840982 -0.00686287   0.00217661  -0.00496316 -0.000375503  -0.00146466 -0.000833051   0.00152114   -4.3715 -0.814623  -8.74316 
             21.5988 0.00818252  -0.045973  0.0361852 -0.00526921   -0.010206  0.00687657 0.00637565 -0.0116487 -0.0013017 -0.0109094 -0.0231259  0.0440889 0.000577919 -0.00854526 -0.00871619   0.00219426  -0.00497218 -0.000366977  -0.00137474 -0.000819976   0.00159257  -4.37152 -0.814626  -8.74315 
             21.6988  0.0285689 -0.0566692  0.0378545 -0.00619443 -0.00728409   0.0088851   0.0072753  -0.0109751 -0.00185135 -0.0109069 -0.0231227  0.0440866 -0.00299063  0.00476578  0.00115045  0.00217657 -0.00496384 -0.00037074 -0.00139243 -0.00115762  0.00113422  -4.37163 -0.814447  -8.74311 
             21.7988  0.0180636 -0.0612017  0.0340394 -0.00574565 -0.00735337   0.0105685  0.00706619  -0.0109326 -0.00173892 -0.0109063 -0.0231236  0.0440859 -0.000240928   0.00281272   0.00698249  0.00218422 -0.00495886 -0.00036692 -0.00153471  -0.0011148 0.000838437  -4.37164 -0.814487   -8.7431 
              21.899  0.0332197 -0.0846137  0.0657065 -0.00434408 -0.00636088   0.0115311 0.00723837 -0.0112726 -0.0018093 -0.0109051 -0.0231257  0.0440841 0.00464608 0.00502838 0.00772741   0.00217178  -0.00493886 -0.000390671 -0.00169719 -0.00118378 0.000742863  -4.37159 -0.814455  -8.74313 
              21.999  0.0264115 -0.0551505  0.0364663 -0.00547501 -0.00624216   0.0104738  0.00721278   -0.011115 -0.00181621 -0.0109024 -0.0231265  0.0440822 -0.000408657   0.00393151  0.000873402   0.00217848  -0.00496332 -0.000368806 -0.00145242 -0.00114189   0.0011059  -4.37161 -0.814458  -8.74312 
             22.0989  0.0356795 -0.0553871  0.0283759 -0.00400362 -0.00331022   0.0084746  0.00794195  -0.0118182 -0.00216267 -0.0109035 -0.0231262  0.0440822  0.00504347   0.0131971 -0.00705234   0.00216688  -0.00496169 -0.000361494 -0.00152624 -0.00135869  0.00140773  -4.37151 -0.814322  -8.74318 
             22.1994  0.0201117 -0.0608838   0.048385 -0.00582853 -0.00693553  0.00845713  0.00661416  -0.0110926 -0.00151057 -0.0109074  -0.023126  0.0440785 -0.00278299 -0.00448044 -0.00375067  0.00218045 -0.00495847  -0.0003796 -0.00131328 -0.00092485   0.0013624  -4.37161 -0.814567  -8.74311 
             22.2989  0.0302432 -0.0766514  0.0487366 -0.00445456 -0.00886026  0.00909596  0.00617267  -0.0113824 -0.00126158 -0.0109067 -0.0231261  0.0440777  0.00268955 -0.00906091 0.000298366   0.00217222  -0.00494609 -0.000372786  -0.00152699 -0.000801282   0.00112716  -4.37157 -0.814654  -8.74313 
             22.3989  0.0194411 -0.0872135  0.0380055 -0.00257834 -0.00650777  0.00988859  0.00699193  -0.0116922 -0.00166603 -0.0109082 -0.0231256  0.0440776 0.00819624 0.00300935 0.00214796    0.0021762  -0.00493869 -0.000368134 -0.00172294 -0.00109041 0.000947091  -4.37152 -0.814502  -8.74316 
             22.4988  0.0276087 -0.0407933  0.0204306  -0.0032277 -0.00437072  0.00774019  0.00757117  -0.0116323 -0.00199289 -0.0109029 -0.0231282  0.0440733  0.00355437  0.00892468 -0.00716205   0.00216771  -0.00497572 -0.000363209 -0.00147453 -0.00124492  0.00139103  -4.37153 -0.814391  -8.74317 
             22.5987  0.0259426 -0.0695889  0.0411488 -0.00605028 -0.00437329  0.00980181  0.00720572  -0.0104442 -0.00193372 -0.0109003 -0.0231252  0.0440761 -0.00759099  0.00596363  0.00348606   0.00217046  -0.00495404 -0.000374396 -0.00125808 -0.00116003  0.00104028  -4.37171 -0.814444  -8.74307 
             22.6989  0.0248941 -0.0512034   0.034774  -0.0060731 -0.00797553   0.0102204  0.00612665   -0.010604 -0.00134207 -0.0109009 -0.0231254   0.044076  -0.0045416 -0.00891187  0.00432473   0.00217147  -0.00496891 -0.000361899  -0.00133361 -0.000801627  0.000997253 -4.37168 -0.81465 -8.74307 
             22.7995 0.0238078 -0.074573 0.0443561 -0.00320751 -0.00820959   0.0103932  0.00630038  -0.0114898 -0.00135873 -0.0109013 -0.0231268  0.0440727  0.00681108 -0.00671792  0.00292433   0.00216779  -0.00494828 -0.000368271  -0.00166734 -0.000868591  0.000925596  -4.37155 -0.814625  -8.74313 
             22.8994  0.0160497 -0.0669532  0.0510868 -0.00424162 -0.00665876   0.0100081  0.0068841 -0.0111494 -0.0017004 -0.0109003 -0.0231259  0.0440732  0.000848674   0.00139476 -0.000113685   0.00217458  -0.00495349 -0.000380302 -0.00146454 -0.00105182  0.00109572 -4.37161 -0.81451 -8.74312 
             22.9994  0.0383305 -0.0664357  0.0429777 -0.00517332 -0.00366219  0.00996547  0.00759183  -0.0108928 -0.00210473 -0.0109017 -0.0231271    0.04407 -0.00256536   0.0114827  -0.0010461   0.00216119  -0.00495448 -0.000377246   -0.001358 -0.00129519  0.00113481 -4.37165 -0.81437 -8.74311 
             23.0988  0.0252785 -0.0831811  0.0583056 -0.00367487 -0.00576043  0.00897135  0.00680078   -0.011438 -0.00162096 -0.0109035 -0.0231279  0.0440672  0.00378333 0.000835648 -0.00360981   0.00217398  -0.00494066 -0.000386781 -0.00150621 -0.00101094   0.0012207  -4.37156 -0.814528  -8.74314 
              23.202  0.0213993 -0.0611251  0.0412764 -0.00439383  -0.0042819  0.00832734  0.00715204   -0.011204 -0.00184367 -0.0109041 -0.0231286  0.0440666 0.000165462  0.00583749 -0.00522677   0.00217419  -0.00495776 -0.000369208 -0.00138248  -0.0011276  0.00130118  -4.37159 -0.814458  -8.74313 
             23.2994  0.0284031 -0.0670561  0.0268654 -0.00616489 -0.00905912   0.0108434  0.00571586  -0.0103392 -0.00115627 -0.0108989 -0.0231282  0.0440684 -0.0059079 -0.0136858 0.00652401   0.00216919  -0.00495493 -0.000361121  -0.00131453 -0.000679076  0.000855588  -4.37172 -0.814721  -8.74304 
             23.3994  0.0420872 -0.0846731  0.0448297 -0.00495623 -0.00875707   0.0105254 0.00614849 -0.0109261 -0.0013489 -0.0108986 -0.0231307  0.0440657 -5.38267e-05  -0.00762042   0.00261465   0.00216159  -0.00494152 -0.000379385 -0.00146393 -0.00082393 0.000959803  -4.37163 -0.814641  -8.74309 
             23.4991  0.0213703 -0.0833631  0.0443344 -0.00485294 -0.00553691  0.00995991  0.00714453  -0.0110726 -0.00188404  -0.010897 -0.0231287  0.0440698 3.31783e-05  0.00709814 -0.00107921   0.0021716 -0.00494314 -0.00037746 -0.00144251 -0.00116089  0.00109635  -4.37161 -0.814451  -8.74312 
             23.5989  0.0340878 -0.0804105   0.057429 -0.00283879   -0.004933  0.00916655 0.00713844 -0.0116467 -0.0018304 -0.0108967 -0.0231299  0.0440704  0.00720721  0.00675607 -0.00371108   0.00216253  -0.00494523 -0.000385323 -0.0016212 -0.0011554 0.00114004  -4.37152 -0.814458  -8.74316 
             23.6994  0.0314259 -0.0973563   0.038567  -0.0023179 -0.00777203   0.0107678  0.00622057  -0.0113455 -0.00136373  -0.010892 -0.0231295  0.0440708  0.00634996 -0.00643177  0.00426021  0.00216336 -0.00493342 -0.00037037  -0.00167723 -0.000860605  0.000820621  -4.37157 -0.814631  -8.74312 
             23.7995  0.0217431 -0.0830805  0.0490242 -0.00241773 -0.00859613   0.0103023 0.00620026 -0.0112807 -0.0013597 -0.0108912 -0.0231289  0.0440703  0.00380403 -0.00662265 0.000993155   0.00217386  -0.00494507 -0.000382684  -0.00156946 -0.000837508  0.000983569  -4.37158 -0.814635  -8.74312 
             23.8989  0.0158132 -0.0638568  0.0542709 -0.00490892 -0.00765696  0.00999736 0.00659485 -0.0106397 -0.0016374 -0.0108901 -0.0231281  0.0440677  -0.00600635 -0.000196965 -0.000716195   0.00217985  -0.00496062 -0.000386188  -0.00126163 -0.000964106   0.00114116  -4.37167 -0.814554  -8.74308 
             23.9987  0.0147591 -0.0736448  0.0662575 -0.00624683 -0.00754992  0.00950157  0.00663564   -0.010516 -0.00166902 -0.0108902 -0.0231278  0.0440679 -0.00834833 0.000918231 -0.00257792   0.00218089  -0.00495284 -0.000394032  -0.00117203 -0.000969803    0.0012304  -4.37169 -0.814545  -8.74307 
             24.0987  0.0254466 -0.0673195  0.0450897 -0.00598196 -0.00447083  0.00923754  0.00734654  -0.0107847 -0.00202904 -0.0108937 -0.0231273  0.0440658  -0.0047026   0.0116426 -0.00353201   0.00217126  -0.00495662 -0.000377223 -0.00128434 -0.00122738  0.00120094  -4.37166 -0.814411   -8.7431 
             24.1985  0.0144207 -0.0676284  0.0422601 -0.00518562 -0.00669974  0.00944419  0.00650589  -0.0109973 -0.00154428 -0.0108923 -0.0231275  0.0440641 -0.000112572 -0.000259494  -0.00131822   0.00218045  -0.00495529 -0.000377227   -0.0014317 -0.000938883   0.00106413  -4.37162 -0.814571  -8.74311 
             24.2995 0.0417599 -0.070749 0.0352127   -0.006434 -0.00313391  0.00920947   0.0073585    -0.01073 -0.00204672 -0.0108929 -0.0231286  0.0440602 -0.00476951   0.0126094 -0.00225764   0.00216065  -0.00495397 -0.000373019 -0.00130396 -0.00124693  0.00112695  -4.37166 -0.814403   -8.7431 
             24.3996  0.0230275 -0.0594096  0.0425401 -0.00534522 -0.00601012  0.00964677  0.00636865  -0.0109835 -0.00147966 -0.0108964 -0.0231313  0.0440571  0.00114362 -0.00217486 0.000691294   0.00217528  -0.00496227 -0.000378381  -0.00148437 -0.000899459  0.000963461  -4.37162 -0.814597   -8.7431 
             24.4993  0.0304046 -0.0816738   0.042509  -0.0042715 -0.00746479  0.00969275  0.00608397  -0.0112093 -0.00130335 -0.0108966 -0.0231316  0.0440563  0.00444901 -0.00681748 0.000767486   0.00216674  -0.00494361 -0.000374578  -0.00158221 -0.000797684  0.000934187  -4.37158 -0.814654  -8.74312 
             24.5998  0.0326268 -0.0825466  0.0700813 -0.00318591 -0.00703316   0.0124424  0.00623983  -0.0110274 -0.00140761  -0.010895 -0.0231321  0.0440561 0.00635601 -0.0032051  0.0104413   0.00216503  -0.00494328 -0.000395694   -0.0017432 -0.000897139  0.000492422  -4.37161 -0.814623   -8.7431 
             24.6989  0.0253585 -0.0635202  0.0351205 -0.00413943 -0.00740938   0.0112492  0.00629528  -0.0109329 -0.00145292 -0.0108934 -0.0231333  0.0440548  0.00130964 -0.00278767  0.00211913   0.00217227  -0.00495832 -0.000372235  -0.00150232 -0.000883508   0.00088956  -4.37163 -0.814609   -8.7431 
             24.7994  0.0274586 -0.0658111    0.04371  -0.0051628 -0.00527613   0.0112321  0.00685991   -0.010699 -0.00177561 -0.0108934 -0.0231334  0.0440546 -0.00275564  0.00594818 0.000792646   0.00217161  -0.00495659 -0.000376925 -0.00137944 -0.00108219 0.000964075  -4.37166 -0.814501  -8.74309 
              24.899  0.0436114 -0.0920649  0.0516395 -0.00571624 -0.00518995   0.0108848  0.00676126  -0.0106967 -0.00172149 -0.0108941 -0.0231337  0.0440551 -0.00388888  0.00410164  -0.0008796     0.002158  -0.00493558 -0.000380268 -0.00133927 -0.00103882  0.00104128  -4.37166 -0.814519  -8.74309 
             24.9994  0.0261312 -0.0826821  0.0452239 -0.00612828 -0.00115455   0.0114452  0.00756937  -0.0106293 -0.00217012 -0.0108945 -0.0231336  0.0440577 -0.00415627   0.0164321 0.000641028   0.00216688  -0.00494207 -0.000373129 -0.00136148 -0.00134335 0.000948701  -4.37168 -0.814367  -8.74309 
             25.0992  0.0541359 -0.0678237  0.0540522 -0.00721516 -0.00400958    0.012776   0.0065115  -0.0103022 -0.00160587 -0.0108986 -0.0231307  0.0440626 -0.00642486 1.13766e-05  0.00657666   0.00215251  -0.00495448 -0.000374875 -0.00133851 -0.00096096 0.000765935  -4.37172 -0.814571  -8.74306 
             25.1994  0.0356683 -0.0854284  0.0570856 -0.00572913 -0.00130628   0.0112363  0.00717554  -0.0110506 -0.00190003 -0.0109006 -0.0231281  0.0440641 0.000957477   0.0113156 -0.00220228    0.0021658  -0.00494039 -0.000376477 -0.00147286 -0.00118424  0.00104082  -4.37161 -0.814447  -8.74312 
             25.2989  0.0295586 -0.0676607  0.0452714 -0.00637256 -0.00133422   0.0119217  0.00690438  -0.0107657 -0.00177451 -0.0109007 -0.0231292   0.044063 -0.00156033  0.00634148  0.00113029   0.00216882   -0.0049537 -0.000373689 -0.00143108 -0.00109308 0.000918264  -4.37165 -0.814498   -8.7431 
             25.3993  0.0219441 -0.0832529  0.0441379 -0.00545443 -0.00178806   0.0115861  0.00666205  -0.0110515 -0.00161427 -0.0109008 -0.0231289   0.044062   0.00231168   0.00263783 -0.000620294    0.0021728  -0.00494006 -0.000370896 -0.00152171 -0.00099851 0.000950867  -4.37161 -0.814546  -8.74311 
             25.4989   0.027131 -0.0733188  0.0440112 -0.00459627 -0.00597191   0.0116518  0.00568149  -0.0111534 -0.00105534 -0.0109013 -0.0231284  0.0440641   0.0048984  -0.0129796 0.000525527   0.00216936  -0.00494691 -0.000366569 -0.00158356 -0.00062713 0.000907521  -4.37158 -0.814736  -8.74311 
             25.5988  0.0379691 -0.0723923  0.0563686 -0.00566211 -0.00709001  0.00972001 0.00578777 -0.0110507 -0.0011294 -0.0109006 -0.0231289  0.0440636 -0.00031694   -0.011364 -0.00691379   0.00216275  -0.00494799 -0.000378254  -0.00136237 -0.000633594   0.00125427   -4.3716 -0.814715   -8.7431 
             25.6993 0.0406199 -0.078793 0.0268073 -0.00638144 -0.00636477   0.0108874  0.00613766  -0.0106829 -0.00136958 -0.0109019 -0.0231296  0.0440635   -0.0029119  -0.00530853 -0.000719548   0.00216202  -0.00494455 -0.000361159  -0.00135916 -0.000796212  0.000995788  -4.37166 -0.814644  -8.74308 
             25.7994 0.0309124 -0.067364 0.0482498 -0.00691148 -0.00579875   0.0115075  0.00634546  -0.0105475 -0.00150248 -0.0109014 -0.0231296  0.0440638 -0.00359509 -0.00150609  0.00137333  0.00216755  -0.0049521 -0.00037549  -0.00135795 -0.000886561  0.000898564  -4.37168 -0.814602  -8.74307 
             25.8994 0.00648727 -0.0530726    0.04251 -0.00674774 -0.00627556   0.0114174  0.00627204  -0.0106797 -0.00144564 -0.0109012 -0.0231294  0.0440637 -0.00150223 -0.00209942 0.000415331   0.00218248   -0.0049606 -0.000367751  -0.00140021 -0.000855722  0.000914991  -4.37166 -0.814618  -8.74308 
              25.999  0.0347637 -0.0850451  0.0459378 -0.00441357 -0.00447347   0.0100592  0.00673112  -0.0113795 -0.00164399 -0.0109046 -0.0231331  0.0440571  0.00705273  0.00507422 -0.00531316   0.00216139  -0.00493632 -0.000372855 -0.00159917 -0.00102881  0.00106194  -4.37155 -0.814531  -8.74314 
             26.0993  0.0367196 -0.0836446   0.054565 -0.00464186 -0.00379278   0.0108515  0.00672148  -0.0110216 -0.00167248 -0.0109044 -0.0231322  0.0440573   0.00358012   0.00549397 -0.000399157   0.00216122  -0.00493821 -0.000382122 -0.00155206 -0.00104133 0.000886883 -4.37161 -0.81453 -8.74312 
             26.1994  0.0366912 -0.0973074  0.0366527 -0.00335339 -0.00532396   0.0109291  0.00627912  -0.0112058 -0.00140248 -0.0109028 -0.0231317  0.0440567  0.00653618 -0.00219919 0.000292159   0.00216261  -0.00492877 -0.000368951  -0.00164895 -0.000871244  0.000837696  -4.37158 -0.814617  -8.74312 
             26.2992 0.0422831 -0.071461 0.0372857 -0.00289259 -0.00685397   0.0120394  0.0059732 -0.0110235 -0.0012442 -0.0109051 -0.0231317  0.0440565   0.0061595 -0.00702304  0.00427842  0.00215799 -0.00494747 -0.00036659 -0.00166341 -0.00076549 0.000677686   -4.3716 -0.814675   -8.7431 
             26.3994 0.0271434 -0.085238 0.0489974 -0.00362078 -0.00773235    0.011517 0.00596707 -0.0108475 -0.0012525 -0.0109053 -0.0231301  0.0440568  0.00148985 -0.00706491 0.000893946   0.00216752  -0.00493693 -0.000373038  -0.00150223 -0.000745751  0.000857593  -4.37162 -0.814674  -8.74309 
             26.4993  0.0594688 -0.0934836  0.0456602 -0.00185553 -0.00829607   0.0106934  0.00602828  -0.0113006 -0.00124919 -0.0109058 -0.0231315  0.0440559  0.00717733 -0.00710392 -0.00256288   0.00214523   -0.0049304 -0.000375381  -0.00162906 -0.000762833  0.000952938  -4.37156 -0.814665  -8.74313 
             26.6007  0.0395037 -0.0863702  0.0427885 -0.00144382 -0.00647161    0.010438  0.00656454  -0.0112398 -0.00155644 -0.0109063 -0.0231312  0.0440573  0.00599192  0.00189438 -0.00322891   0.00216144  -0.00493584 -0.000373429  -0.00159736 -0.000971836  0.000966685  -4.37157 -0.814563  -8.74313 
             26.6994 0.0354864 -0.103227 0.0609299 -0.00114013 -0.00677314   0.0105895 0.00644733 -0.0111296 -0.0014964 -0.0109065 -0.0231313  0.0440571  0.00444595 0.000280049 -0.00121221   0.00216536  -0.00492299 -0.000385635 -0.00158771 -0.00093028 0.000904387  -4.37159 -0.814586  -8.74312 
             26.7991  0.0201981 -0.0911305  0.0654116 -0.00422107 -0.00685756   0.0107305  0.00642199  -0.0103634 -0.00153698 -0.0109068 -0.0231307  0.0440554  -0.00791663  0.000241019 -1.29069e-05   0.00217789  -0.00493144 -0.000388909   -0.0012545 -0.000913464  0.000960784   -4.3717 -0.814585  -8.74306 
             26.8992   0.022534 -0.0743238  0.0568133 -0.00409145 -0.00550128  0.00927064  0.00672469  -0.0107152 -0.00168355 -0.0109061  -0.023131  0.0440557 -0.00441683  0.00525744 -0.00580223   0.00217463  -0.00494356 -0.000381833  -0.0012944 -0.00102052  0.00115083  -4.37165 -0.814526   -8.7431 
             26.9993 0.0406268 -0.117401 0.0297936   -0.003944 -0.00685149   0.0127909  0.00624035  -0.0104172 -0.00143857 -0.0108922 -0.0231242  0.0440576 -0.00306996 -0.00268712  0.00975336   0.00216364  -0.00491449 -0.000364312 -0.00149254 -0.00087452 0.000525254   -4.3717 -0.814622  -8.74306 
             27.1003 0.0375176 -0.107842 0.0450643 -0.00296275 -0.00670023   0.0132908     0.00633   -0.010742 -0.00146842 -0.0108915 -0.0231247  0.0440581  0.00115746 -0.00105062  0.00796576   0.00216788  -0.00492134 -0.000376492  -0.00160361 -0.000909013   0.00055984  -4.37165 -0.814606  -8.74309 
             27.2002  0.0316213 -0.0781844  0.0628875 -0.00523324 -0.00728487   0.0113885 0.00631128 -0.0105393 -0.0014728 -0.0108865 -0.0231201  0.0440551 -0.00689034 -0.00195112 -0.00190641   0.00217086  -0.00494287 -0.000387467   -0.0012801 -0.000861209   0.00102193  -4.37167 -0.814604  -8.74308 
             27.2993 0.0221588 -0.112424 0.0489489 -0.00431215 -0.00546813  0.00953328  0.00676678  -0.0110649 -0.00167175 -0.0108916 -0.0231181  0.0440543 -0.00192916  0.00570406 -0.00841701    0.0021766  -0.00491703 -0.000375882 -0.00138698 -0.00102744  0.00123183 -4.37159 -0.81452 -8.74312 
             27.3993   0.038698 -0.0838638  0.0504581 -0.00553292 -0.00349229  0.00940324  0.00704368  -0.0107729 -0.00184157 -0.0108924 -0.0231179  0.0440521  -0.0056718   0.0105758 -0.00596434   0.00216146  -0.00493755 -0.000374287 -0.00130908 -0.00114597  0.00115727  -4.37164 -0.814467  -8.74311 
             27.5004  0.0322559 -0.0870311   0.055988 -0.00480189 -0.00340223  0.00983135  0.00681472  -0.0109307 -0.00170693 -0.0108924  -0.023118   0.044052 -0.00127149  0.00695824 -0.00195073   0.00216731  -0.00493658 -0.000381111 -0.00146884 -0.00106861 0.000968672  -4.37162 -0.814512  -8.74311 
             27.6011  0.0363245 -0.0739271   0.043283  -0.0057074 -0.00720928   0.0113424  0.00586644  -0.0105676 -0.00123173 -0.0108911 -0.0231185  0.0440515 -0.00352183 -0.00946209  0.00509309   0.00216925  -0.00494802 -0.000374568  -0.00144425 -0.000700528  0.000728983  -4.37167 -0.814691  -8.74307 
             27.7004  0.0227001 -0.0773215  0.0529893 -0.00612413 -0.00910447   0.0108908 0.00569672 -0.0106471  -0.001131 -0.0108917 -0.0231179   0.044051 -0.00349103   -0.011967  0.00171293    0.0021773  -0.00494448 -0.000378303  -0.00140679 -0.000618319  0.000866443  -4.37165 -0.814723  -8.74308 
             27.7994  0.0234141 -0.0862098  0.0496087 -0.00670414  -0.0062833     0.01196   0.0064763  -0.0105213 -0.00159036 -0.0108915 -0.0231181  0.0440513 -0.00421671    0.001886  0.00389286   0.00217028  -0.00494037 -0.000379257  -0.00141671 -0.000952714  0.000745754  -4.37168 -0.814575  -8.74308 
             27.8993  0.0166556 -0.0900651  0.0391065 -0.00312941  -0.0102623  0.00991649  0.00570052  -0.0115862 -0.00104442 -0.0108905 -0.0231159  0.0440495  0.00965262  -0.0132557 -0.00451446    0.0021789  -0.00493568 -0.000374356  -0.00172386 -0.000606553  0.000990309  -4.37151 -0.814729  -8.74314 
             27.9991  0.0438898 -0.0825944  0.0502874 -0.00180002 -0.00836994  0.00913152  0.00632077  -0.0117047 -0.00141273 -0.0108881 -0.0231174  0.0440451    0.0111642 -0.000666628  -0.00641892   0.00216425  -0.00494287 -0.000376672  -0.00174589 -0.000867547   0.00103655   -4.3715 -0.814608  -8.74316 
             28.1004  0.0350974 -0.0866932  0.0577577 -0.00502303 -0.00691213   0.0111516  0.00656907  -0.0105625 -0.00165423 -0.0108874 -0.0231163  0.0440452 -0.00433647  0.00468852  0.00314872   0.00216968  -0.00493992 -0.000378713  -0.00141343 -0.000994037  0.000771301  -4.37167 -0.814554  -8.74308 
             28.1992  0.0141438 -0.0679858  0.0320073 -0.00182674 -0.00817262  0.00996691  0.00628199  -0.0114328 -0.00139278 -0.0108842 -0.0231103  0.0440463 0.00881535 -0.0013678 -0.0026107   0.00218171  -0.00495148 -0.000363286   -0.0017099 -0.000855633  0.000885882  -4.37154 -0.814618  -8.74314 
             28.3004  0.0125958 -0.0805418  0.0321177 -0.00310233 -0.00947585  0.00979775  0.00605511  -0.0109995 -0.00130442 -0.0108837 -0.0231105  0.0440469  0.00133228 -0.00551279 -0.00190247   0.00218368  -0.00494294 -0.000365416  -0.00150528 -0.000755552  0.000927153  -4.37161 -0.814658   -8.7431 
             28.3993  0.0266114 -0.0760171  0.0544407 -0.00441968 -0.00706548   0.0108352  0.00662159  -0.0105434 -0.00169417 -0.0108797 -0.0231075  0.0440446 -0.000828229    0.0162845  -0.00122525   0.00217686  -0.00494763 -0.000380018 -0.00138578 -0.00101641 0.000784459  -4.37168 -0.814542  -8.74308 
             28.4993  0.0168165 -0.0301732 -0.0636777 -0.00533868 -0.00601994   0.0134365   0.0066655  -0.0101349 -0.00166175 -0.0108838 -0.0231106  0.0440436 -0.0032549 0.00186736 0.00990874   0.00217468  -0.00494487 -0.000358233 -0.00142485 -0.00102819 0.000442268  -4.37173 -0.814549  -8.74305 
             28.5991 -0.0242882 -0.0508092 -0.0674984 -0.00220786 -0.00773276   0.0115149  0.00641309  -0.0111667 -0.00114693 -0.0108867 -0.0231049   0.044035   0.00655236  -0.00547343 -0.000771384    0.0021868  -0.00493564 -0.000374615  -0.00171609 -0.000805927  0.000785375 -4.37156 -0.81466 -8.74313 
             28.7003  0.0548818 -0.0923284  0.0743247 -0.00236476 -0.00888384   0.0115639  0.00620557  -0.0109753 -0.00115121 -0.0108928 -0.0230967  0.0440404  0.00401854 -0.00295996  0.00107182    0.0021707  -0.00493268 -0.000380185  -0.00163156 -0.000725459  0.000792382  -4.37159 -0.814689  -8.74311 
             28.7993  0.0507372 -0.0801678  0.0694394 -0.00234875 -0.00909339   0.0108286  0.00628437  -0.0109949 -0.00119563 -0.0108926 -0.0230964  0.0440405  0.00237464 -0.00430197 0.000129438   0.00217841  -0.00493423 -0.000383181   -0.0015779 -0.000747301  0.000918516  -4.37159 -0.814674  -8.74311 
             28.9003  0.0214156   -0.10391 0.00149571 -0.00162268  -0.0081727   0.0112255  0.00650311  -0.0110395 -0.00128187 -0.0108968 -0.0230955  0.0440425  0.00508441 -0.00480651 -0.00301837  0.00217252 -0.00493227 -0.00037387  -0.00164026 -0.000843398  0.000833992  -4.37158 -0.814637  -8.74312 
             28.9989 -0.028412 -0.127526 0.0586113 -0.00195327 -0.00813855  0.00961219  0.00662477  -0.0110345 -0.00132688 -0.0108967 -0.0230901  0.0440443  0.00356539 0.000582799 -0.00559285  0.00218408 -0.00492535 -0.00038009  -0.00152698 -0.000857952   0.00106995  -4.37157 -0.814621  -8.74312 
             29.0989  0.0382724 -0.0595811  0.0374653   -0.005779 -0.00495788  0.00938815  0.00687489  -0.0104358 -0.00141606 -0.0108948 -0.0230965  0.0440263 -0.0200339  0.0552855  0.0172797   0.00217195  -0.00495218 -0.000372073   -0.0011642 -0.000985165   0.00126488  -4.37166 -0.814547  -8.74309 
             29.1987  0.206704 -0.306086  0.655786 -0.00710035 -0.00122861   0.0183422  0.00529055  -0.0102932 -0.00128673 -0.0109703 -0.0230773  0.0440574 0.000735735   0.0590324     0.16283  0.00217743 -0.00494219 -0.00041004  -0.00121977 -0.000741527   0.00100982  -4.37169 -0.814632  -8.74307 
             29.3003  1.30013 -3.02381  2.98325 -0.00855002  0.00340119   0.0412637    0.0042425   -0.0121542 -0.000807307 -0.0105786 -0.0231368  0.0437995 -0.0530458 -0.0078002     0.2261  0.00210896 -0.00477775 -0.00052482  -0.00137167 -0.000974404   0.00056987  -4.37184 -0.814463    -8.743 
             29.3991  6.05297 -11.6055  4.97092  -0.0213688 -0.00924921   0.0586779 -0.00354357  0.00191433 0.000120477 -0.0115202 -0.0228295  0.0469159 -0.0861662 -0.0835356   0.202461   0.00197077  -0.00443061 -0.000559338 -0.00114605 -0.00125065  0.00135094  -4.37031 -0.814427  -8.74377 
             29.5005  13.4593 -20.2313  6.18076 -0.0280787 -0.0176603   0.077861 -0.00168179  0.00198056   0.0036874 -0.0110833 -0.0223686   0.046838  -0.115983 -0.0878888   0.115071   0.00188946  -0.00443125 -0.000581056 -0.00173576 -0.00101325   0.0011858  -4.37057 -0.814584  -8.74363 
             29.5991  15.8867 -24.1202  7.38271 -0.0292007 -0.0238919  0.0747058 -0.0184296 -0.0220709 -0.0133131 -0.0109055 -0.0223188  0.0472197  0.078969 -0.103183 -0.083657   0.00222636  -0.00461667 -0.000517733  0.00151934  0.00077724 0.000237363  -4.37059 -0.810962  -8.74396 
             29.6992  20.5256 -21.0543  8.65284 0.0033877 -0.026556 0.0595748 -0.0453321 -0.0540514  0.0040656 -0.00690659  -0.0221629   0.0513899   0.343842 -0.0187541   0.134416   0.00216206    -0.005118 -0.000269415   0.00355451   0.00949938 -0.000701125  -4.37157 -0.796278  -8.74481 
             29.7992  29.0419 -14.4984  7.98772 0.0459055 -0.012911 0.0827661 -0.0799643 -0.0981024 -0.0152647 -0.00479802  -0.0228883   0.0524502 0.463513 0.174427 0.410916   0.00191975  -0.00497512 -7.70515e-06  0.00682106   0.0130096 -0.00202094   -4.3743 -0.788535  -8.74415 
             29.9015  27.7847 -11.6022  9.74846 0.0766769 0.0164509  0.148962 -0.186227 -0.105828 -0.325209 -0.00633804  -0.0263811   0.0529726 0.383867 0.177025  0.65863   0.00244733    -0.004969 -2.01875e-05 -0.00617496 -0.00494981   0.0051305  -4.38573 -0.812436  -8.73623 
             29.9988  29.1258 -12.5929  17.5776  0.132087 0.0335402  0.232294 -0.221586 0.0649654  0.031085 -0.00782353  -0.0326396   0.0533322 0.304687 0.184308 0.757089   0.00215209  -0.00477135 -0.000418824 -0.0253992 -0.0212987  0.0133645  -4.38103 -0.797298  -8.73998 
             30.1004  29.1011 -18.3683   30.857  0.130006 0.0349299  0.310429 -0.228923 0.0550506 -0.422412 -0.00228102  -0.0215177   0.0536663 0.247863 0.125781 0.932687   0.00229163  -0.00497082 -0.000531456 -0.0213892 -0.0331322  0.0135188 -4.37523  -0.8423 -8.73867 
             30.1992  24.467 -22.319 30.9163  0.164604 0.0422513  0.406685  -0.22564  0.118619 -0.386987 -0.00246416   -0.020238   0.0518001 0.402508 0.220427  1.11737    0.0027294  -0.00485497 -0.000137074 -0.00944833  -0.0253645  0.00743058  -4.35437 -0.833452  -8.74993 
             30.2991  23.5197 -22.5862  31.0525  0.232375 0.0501915  0.522325 -0.280292  0.245328 -0.113563 0.00185057 -0.0171409  0.0487364 0.574844 0.218176  1.25743   0.00261868  -0.00504723 -7.33805e-05 -0.0017104   -0.01399 0.00150623  -4.32947 -0.794408   -8.7659 
             30.4005  23.4559 -21.9141  32.8373  0.300473 0.0785667  0.649822  -0.316926    0.23083 -0.0399565 0.00200252 -0.0158881  0.0490742  0.62148 0.280776  1.28299   0.00251782  -0.00507826 -7.29257e-05 -0.00610232 -0.00713563  0.00259409   -4.3361 -0.776312  -8.76425 
             30.5002  23.1008 -23.5982   36.159 0.360177 0.116747 0.776367 -0.323991  0.188783 -0.069786 0.00201209 -0.0160094  0.0487615 0.622461 0.403544  1.20978   0.00248494  -0.00501169 -0.000185493 -0.00931138 -0.00618334  0.00431561  -4.34528 -0.776198  -8.75971 
             30.5991  18.0958 -26.6862  43.9468 0.414152 0.161105 0.877102 -0.323023  0.093714  -0.11625 0.00253176 -0.0142703  0.0488687 0.626017 0.456287  0.95497   0.00261856   -0.0051212 -0.000413621  0.00206347  -0.0091934 0.000619024  -4.34873 -0.782561  -8.75743 
             30.7003 9.11136 -26.137 55.6397 0.484765 0.204822   0.9503  -0.372559  0.0507435 -0.0838798 0.00288104 -0.0123878   0.048169 0.698967 0.372238 0.680311   0.00273592  -0.00545777 -0.000633093    0.0117938 -0.000191826  -0.00372615  -4.34597 -0.763666  -8.76047 
             30.8004  8.48585 -22.7266  61.8579 0.563239 0.237034  1.00328  -0.330334   0.106755 -0.0528704 0.00290465 -0.0121808  0.0488113 0.746287 0.352425 0.402042   0.00241714  -0.00559346 -0.000352183   0.0175384  0.00668971 -0.00752289  -4.33194 -0.761316  -8.76762 
             30.9001   13.387 -18.4333   62.868 0.631634 0.258223   1.0393  -0.187859   0.127161 -0.0147648 0.00298051 -0.0110925  0.0488945  0.58954  0.26234 0.265487  0.00220555 -0.00558423 8.56055e-06  0.0243409 0.00489787 -0.0116136  -4.32279 -0.782072  -8.77031 
             30.9989  19.0277 -14.0097  64.9877 0.676135 0.275725  1.06557 -0.089996 0.0683647 0.0444336 0.00255307 -0.0117869  0.0475866 0.421066 0.180429 0.204125    0.002092  -0.0055708 0.000149698  0.0321042 -0.0127674  -0.013769   -4.3256 -0.809827   -8.7664 
             31.1002  20.7557 -12.4934  66.4204 0.695106 0.284696  1.08015 -0.00695618   0.0179606    0.101537 0.00253661 -0.0130671  0.0487907  0.16183 0.120087 0.112294  0.00229892 -0.00541659 0.000228007 0.0419984 -0.035132 -0.015821  -4.32508 -0.840144  -8.76381 
             31.2002  20.7069 -13.0247  66.7403 0.692778 0.296699  1.08753  0.0561307 -0.0502984   0.160899 0.00270957 -0.0134857   0.050584 -0.0108159  0.0848848  0.0309851  0.00240307 -0.00530195 0.000276196  0.0367027 -0.0489935  -0.011777  -4.34183 -0.858669  -8.75372 
             31.3003  19.3824 -13.6752  68.4399 0.695043 0.301894  1.09651  0.0509458 -0.0455312   0.147513 0.00301001 -0.0141159  0.0500258 0.0312908  0.023676 0.0731321  0.00246599 -0.00530222 0.000242848  0.0379698 -0.0449223 -0.0137125  -4.33933 -0.854941  -8.75533 
             31.3982  17.4809 -14.6117  70.8433 0.703703 0.305145  1.10825  0.0357406 -0.0644631   0.163127 0.00316948 -0.0145781  0.0497428   0.110266 -0.0566612  0.0999436  0.00249705 -0.00530365 0.000178912   0.033522 -0.0391822 -0.0126554  -4.34663 -0.845769   -8.7526 
             31.4991  21.3101 -15.3845  69.1297 0.718571 0.300632  1.10986 -0.0265355 -0.0451647    0.14803 0.00330559 -0.0150447  0.0503151    0.0600008 -0.000825284    0.0197612  0.00226609 -0.00524768 0.000375071  0.0349441 -0.0342733  -0.013499  -4.34215 -0.832753  -8.75607 
             31.6001  26.4224 -16.7109  67.5913 0.722098 0.308749  1.11638 0.000154031  -0.0528469    0.141067 0.00357198 -0.0140271  0.0500623 -0.0244881    0.13848  0.0208627  0.00221889 -0.00516015 0.000364377  0.0354709 -0.0317968  -0.015165  -4.34224 -0.834834  -8.75583 
             31.7002  22.5433 -14.6709  71.5789 0.716555 0.325893  1.11811 0.00278026  -0.071269   0.144414 0.00358738 -0.0143647  0.0507268   -0.09483   0.133465 -0.0333176  0.00258545 -0.00541843 0.000247283  0.0327553 -0.0291875 -0.0145228  -4.34761 -0.832374   -8.7534 
             31.8003 18.0331 -11.465 73.5137 0.702029 0.337099  1.10954  -0.005433 -0.0696111   0.148465 0.00412737 -0.0135366  0.0502133  -0.109367  0.0878818 -0.0373224  0.00263976 -0.00548028 0.000321624    0.03386 -0.0307915 -0.0140983 -4.34657 -0.83245 -8.75391 
             31.8993 10.6947 -9.6227 74.3899 0.698685 0.328209  1.10593  0.0173863 -0.0580178   0.141427  0.0042419 -0.0130163  0.0503213  0.0566318 -0.0952729 0.00900572  0.00275727 -0.00546043 0.000302496  0.0375947  -0.039276 -0.0141166  -4.34138 -0.844837  -8.75529 
             32.0001  13.9539 -12.2365  70.4298 0.699734 0.317064  1.11407  0.0804058 -0.0691629   0.156022 0.00511472  -0.012091  0.0499398 -0.0553723 -0.0321676  0.0253293  0.00225243 -0.00521588 0.000466558   0.037245 -0.0390793 -0.0149118   -4.3433 -0.852959  -8.75355 
             32.0989  17.2705 -13.6542  67.6894 0.696469 0.312402  1.10413  0.0152028 0.00593607   0.136741 0.00541478 -0.0125636  0.0531522  -0.160218  0.0940528 -0.0770289  0.00228661 -0.00524256 0.000384073  0.0464872 -0.0423093 -0.0188922  -4.32266 -0.847903  -8.76425 
             32.2001  11.9049 -10.9291  68.7029 0.680528 0.327958  1.10081  0.0316137 -0.0273753   0.132535 0.00544582 -0.0130259  0.0539754 -0.0696083   0.042742 -0.0193331  0.00266071 -0.00543421 0.000255559  0.0429205 -0.0372818 -0.0183801  -4.33095 -0.845663  -8.76038 
                32.3  5.79777 -8.14749  68.6807 0.671549 0.341906  1.10158   0.047974 -0.0805925   0.135199 0.00560673 -0.0136473  0.0562091  -0.0322686   0.0353161 -0.00342108  0.00261513 -0.00546507 0.000288892  0.0355526 -0.0335111 -0.0157708 -4.34616 -0.84397   -8.753 
             32.4001  6.07129 -8.23046   66.542 0.670215 0.337435  1.10376  0.0808847 -0.0572662   0.146182  0.0058071 -0.0134017  0.0566041  -0.0516807   0.0268292 -0.00282343  0.00236796   -0.005353 0.000296856   0.039406 -0.0324942 -0.0183533   -4.3389 -0.847207  -8.75629 
             32.4999 5.80447 -8.5385 64.8058 0.662731 0.339093  1.09025   0.018722 -0.0240119   0.181517 0.00533684 -0.0139849  0.0572218 -0.0638942   0.109473 -0.0661277  0.00235261 -0.00535902 0.000267222  0.0423865 -0.0468479 -0.0165572  -4.33205 -0.849407  -8.75947 
             32.6002  2.64421 -6.73957  64.3883 0.657444 0.352002  1.08504  0.0463996 -0.0199128   0.187397 0.00521737  -0.014066  0.0571418 -0.0289095   0.173123 -0.0966343  0.00247501 -0.00544354  0.00017693  0.0435287 -0.0446667 -0.0177425  -4.33035 -0.851035  -8.76015 
                32.7 -3.01896 -3.28654  63.6221 0.653357 0.370175  1.08143  0.0840204 -0.0341958   0.177976 0.00489922 -0.0147542  0.0575471 -0.0417289   0.135517  -0.078712  0.00255922 -0.00553367 0.000144908  0.0415445 -0.0386082 -0.0181612  -4.33422 -0.851305  -8.75822 
             32.7987   -6.2072 0.0373169    61.934 0.657331 0.386343  1.08597  0.143608 -0.047628  0.126091  0.0043465 -0.0152151  0.0578676 -0.00104802   0.0333811   0.0136088  0.00243952 -0.00551249 0.000160055  0.0398407 -0.0202351 -0.0209465  -4.33667 -0.846062  -8.75751 
             32.8999 -6.84569  1.06567  60.0512 0.657942  0.38195   1.0883   0.133325 -0.0393729   0.152699 0.00432367  -0.015302  0.0579809  0.0770795 -0.0300052  0.0615623  0.00227517 -0.00543902  0.00017042   0.040818 -0.0257738 -0.0204138  -4.33504 -0.848019  -8.75813 
                  33  -5.41185 -0.279444   59.6495 0.659121 0.374121  1.09463   0.146304 -0.0351025   0.246983 0.00436605 -0.0151917  0.0581848  0.0394984 -0.0614239   0.107248  0.00217973  -0.0053258 8.60122e-05  0.0408531 -0.0366725 -0.0187317  -4.33622 -0.853423  -8.75702 
                33.1 -1.67134 -1.57581  58.6326 0.658674 0.371449  1.08907   0.0640771 -0.00584998    0.265648 0.00377896   -0.01619  0.0582558  0.0217432 0.00192285  0.0100586  0.00206845 -0.00529862 0.000149709  0.0390728 -0.0511946 -0.0151523  -4.33407 -0.853936  -8.75803 
             33.1991 -0.685184  -2.44105   57.2667  0.65495 0.380887  1.07971   0.0217511 -0.00336684    0.263537 0.00369452 -0.0161005  0.0581072 -0.0780552   0.061115 -0.0508658  0.00218229 -0.00531374 0.000197358  0.0364489 -0.0575803 -0.0126453  -4.33625 -0.853747  -8.75697 
             33.3003  -2.02486 -0.982409   56.6157 0.647623  0.38485  1.07876  0.0497347 -0.0150377   0.284386 0.00359156 -0.0163532  0.0582807 -0.0541152  0.0504999 -0.0435822 0.00230488 -0.0054304   0.000136  0.0361249 -0.0570356 -0.0127863  -4.33878 -0.855651  -8.75553 
                33.4   -2.4952 0.0985831   56.8226 0.641362 0.390118   1.0787 0.0913101 -0.021891  0.279591 0.00319317 -0.0167819  0.0581792 -0.0692409  0.0533887 -0.0637057  0.00224977 -0.00543255 8.71184e-05  0.0378666 -0.0499674 -0.0151589  -4.33796 -0.855445  -8.75596 
                33.5 -5.57659   1.9204  58.3425 0.642275 0.398615  1.08589   0.166557 -0.0464227   0.245902 0.00245737 -0.0184373  0.0580812 -0.00364647   0.0191605    0.019773  0.00236377 -0.00542082  4.7662e-05   0.040134 -0.0320385 -0.0199584  -4.33856 -0.851753  -8.75602 
              33.599 -7.10851  3.27438  59.7861 0.648291 0.401077  1.08955   0.173293 -0.0447955   0.225369 0.00226573 -0.0185749  0.0580155 0.0324562 0.0422361 0.0139677  0.00232824 -0.00543168   2.124e-05  0.0412578 -0.0277582 -0.0212444  -4.33676 -0.850281  -8.75705 
                33.7 -7.33364  3.54245   60.391 0.645272 0.403536  1.09308   0.198836 -0.0521898   0.261173 0.00235287 -0.0185171  0.0580464 -0.00527956  0.00814514   0.0352809  0.00227299 -0.00538557 5.44958e-05  0.0416255 -0.0287668 -0.0213874  -4.33824 -0.852312  -8.75613 
             33.7999 -7.59747  3.44314  61.4031 0.642711 0.402604  1.09311   0.157843 -0.0417269   0.260083 0.00218637 -0.0185923  0.0578902   -0.01773 -0.0623111  0.0640588  0.00227481 -0.00536532 1.65096e-05  0.0392675   -0.03531 -0.0189919  -4.33897 -0.852527  -8.75574 
             33.8989 -5.88277  1.95649  63.0924 0.641689 0.392223  1.09897   0.140765 -0.0303029   0.260782 0.00204928 -0.0186659  0.0580763 -0.00910297   -0.115735    0.110647  0.00220531 -0.00529848 2.53453e-05  0.0393056 -0.0381666 -0.0184314  -4.33727 -0.852824  -8.75656 
             33.9999  -3.43025 -0.697677   65.2963 0.637182  0.37459  1.11091  0.131679 -0.020819  0.293261  0.0019775 -0.0186947  0.0581352 0.00671857  -0.192344   0.166261   0.00218988  -0.00525898 -1.19583e-05  0.0382654 -0.0438209 -0.0169543   -4.3375 -0.854496  -8.75628 
             34.0998 0.244564 -4.37019  67.1783 0.640256 0.358079  1.13188   0.138859 -0.0314055   0.285012 0.00205923 -0.0187087  0.0578721 0.00611038  -0.183663   0.271738  0.00215293 -0.00519486 1.97934e-05  0.0379189 -0.0414877 -0.0172112  -4.33923 -0.853828  -8.75548 
             34.1989  4.83116 -6.78326  68.1491 0.635651 0.337282  1.16263   0.142469 -0.0208351   0.310233 0.00207453 -0.0187484  0.0578271 -0.0396974  -0.171529   0.338908  0.00213601  -0.0052278 6.21479e-05  0.0376985 -0.0447616 -0.0165331  -4.33836 -0.855678  -8.75574 
             34.2999  4.99408 -11.5497  72.9024 0.625656 0.331658  1.20026   0.184499 -0.0641879   0.303916 0.00274232 -0.0198578  0.0578836 -0.027817 -0.101878   0.30484   0.00231895  -0.00519196 -9.87133e-05  0.0352817 -0.0374906 -0.0166115  -4.34698 -0.855172  -8.75151 
             34.3998  3.27027 -14.5338  74.3428 0.622037 0.330252  1.22948  0.188534 -0.079724  0.295396 0.00263895 -0.0199753   0.058085  -0.0329632 -0.00129769    0.261567   0.00247423  -0.00530515 -9.38418e-06  0.0346553 -0.0347138 -0.0168414  -4.34973 -0.853692  -8.75029 
             34.4988  2.06951 -13.5624  79.8009  0.62488 0.329691  1.25391   0.197002 -0.0664488   0.301884 0.00217623 -0.0198597  0.0575669 0.0534568 0.0441091  0.226964  0.00246203 -0.00545505 -0.00017211  0.0371212 -0.0332673 -0.0183825  -4.34536 -0.853064  -8.75252 
             34.5991 -0.47124 -15.0597   85.341 0.636902  0.32768  1.27258  0.191649 -0.059278  0.329346 0.00226176 -0.0191825  0.0572449  0.185418 0.0791179  0.207731   0.00252162  -0.00542494 -0.000180685   0.042122 -0.0394143 -0.0198166  -4.33978 -0.856091  -8.75499 
                34.7 4.30564 -14.289 83.4351 0.655428 0.337336  1.28576   0.156865 -0.0648536   0.325306 0.00247953 -0.0193385  0.0573041  0.175579 0.0343927  0.144398  0.00227141 -0.00551982  0.00018879  0.0419985 -0.0421221 -0.0191362  -4.34086 -0.853867  -8.75468 
             34.8001  9.91235 -13.5264  76.3603 0.676982 0.332358  1.31255   0.264714 -0.0424553   0.312538 0.00327688 -0.0179905  0.0577904 0.0905528 -0.027172  0.131677  0.00225734  -0.0053606 0.000522472  0.0402075 -0.0260025  -0.021382  -4.33846 -0.855196  -8.75573 
                34.9  12.7171 -15.1637  73.1138 0.669139 0.330053  1.32198   0.290497 -0.0659856   0.318552  0.0025753 -0.0183339  0.0579737 -0.0331068 -0.0143151  0.0130928  0.00226405 -0.00520131 0.000397231  0.0387898 -0.0302738 -0.0202609  -4.34331 -0.862878  -8.75258 
             34.9999  10.4535 -12.3412  75.0112 0.652739 0.322131   1.3025   0.212816 -0.0661418    0.34968 0.00451171 -0.0162991  0.0584825 -0.0645516  -0.127264 -0.0602671  0.00245329 -0.00550993 0.000182564  0.0342967 -0.0482135 -0.0138611  -4.34875 -0.866387  -8.74953 
             35.1001  10.5451 -11.0618  78.6859 0.659927 0.307427  1.30731    0.24987 -0.0669838   0.318473  0.0022056 -0.0166423  0.0584265 -0.0456979  -0.133759 -0.0243595  0.00241178 -0.00546013 3.48125e-05  0.0409463 -0.0375172 -0.0197592  -4.34149 -0.863748  -8.75339 
             35.1988  10.6477 -10.8922  79.8871 0.656645 0.296001  1.30427   0.245848 -0.0633554   0.313832 0.00200251 -0.0167471  0.0584093 -0.0597815  -0.128436 -0.0211781  0.00241381  -0.0053943 0.000152477  0.0416195  -0.035544 -0.0203937  -4.34022 -0.861548  -8.75424 
             35.2989  8.90004 -9.51912  81.8931 0.645849 0.280296  1.30502   0.260663 -0.0667451   0.313347 0.00203742 -0.0167752  0.0585244   -0.0924556    -0.138049 -0.000179614   0.0025064 -0.00547644 0.000122864  0.0416558 -0.0366041 -0.0204202   -4.3406 -0.864843  -8.75373 
             35.4003  9.95062 -10.0227  83.0815 0.640297 0.269361  1.31047   0.264031 -0.0775422   0.311431 0.00209009 -0.0167503  0.0583932 -0.0640969  -0.123025  0.0647031  0.00239555 -0.00537826 0.000153933  0.0417792 -0.0340279 -0.0211629  -4.34198 -0.863027  -8.75322 
             35.4999  12.6048 -10.5519  80.4122 0.630446 0.258956  1.31475   0.246256 -0.0744702   0.314553 0.00201804  -0.016798  0.0583773  -0.15999 -0.135377 0.0774323  0.00234018 -0.00532784 0.000350526  0.0410881 -0.0351104 -0.0203166   -4.3424 -0.861208  -8.75319 
             35.5997  15.0891 -9.93954  79.2745 0.603825 0.244642  1.32966   0.269137 -0.0934728   0.316213 0.00177524 -0.0165794    0.05817 -0.277258 -0.187482  0.137626   0.0023057 -0.00536553 0.000357548  0.0403251 -0.0339907 -0.0204371  -4.34582 -0.863491  -8.75127 
             35.6989  15.3296 -11.5694  82.4385 0.572942 0.224673  1.35098  0.289405 -0.100414  0.312885   0.002252 -0.0165236  0.0581952 -0.245346 -0.151127  0.208227  0.00241627 -0.00530907 0.000122328  0.0399256 -0.0344604 -0.0205493  -4.34699 -0.867273  -8.75031 
             35.7999  16.1962 -12.9849   84.385 0.549929  0.21513  1.36872   0.285017 -0.0976332   0.325363 0.00237082 -0.0165449  0.0581799   -0.21198 -0.0814705   0.218168  0.00242286 -0.00532855 0.000182775  0.0375608 -0.0356059 -0.0185769  -4.34925 -0.866859  -8.74923 
             35.9001  19.4233 -12.0042  82.7444 0.532748 0.203024  1.39545   0.290149 -0.0954612   0.317045 0.00238825  -0.016556  0.0582264 -0.195859 -0.122499  0.236266  0.00232901  -0.0053601 0.000413179  0.0395063 -0.0340461 -0.0204025  -4.34671 -0.866617  -8.75052 
             36.0002  19.1826 -12.8418  83.9726  0.51393 0.193385   1.4178    0.27899 -0.0965856   0.325643 0.00239944 -0.0164211  0.0582021 -0.150473 -0.114815  0.315243 0.00246175 -0.0053211 0.00028365  0.0388808 -0.0348308 -0.0195687   -4.3478 -0.865131  -8.75012 
             36.0999  17.8448 -15.3834  87.6656 0.510317 0.178617  1.46441   0.270699 -0.0906724    0.32426 0.00205113 -0.0163381  0.0580848 0.0776423 -0.133617   0.62803  0.00253339 -0.00528928  0.00011971   0.040487 -0.0343462 -0.0205899  -4.34536 -0.863397   -8.7515 
             36.1998  14.8629 -17.8842  88.7326 0.534591 0.167169  1.52641  0.256733 -0.061099  0.319276 0.00197157 -0.0160758  0.0580178    0.357897 -0.00457941    0.644486  0.00267128 -0.00528033 0.000202833  0.0403092 -0.0366522 -0.0199599  -4.34121 -0.863705  -8.75354 
             36.2998  17.6073 -16.3773  84.6424 0.595638 0.175145  1.59665   0.289178 -0.0726781   0.303472 0.00200408 -0.0153221  0.0582069 0.603184 0.101176 0.468571   0.0024763 -0.00539351 0.000498389   0.043528 -0.0287656 -0.0248473  -4.33876 -0.861804  -8.75494 
             36.3999  19.7052 -10.8611  77.6776 0.652188  0.18392  1.63576   0.306302 -0.0854388    0.28112 0.00099067 -0.0147133  0.0585029   0.523062 0.00127403   0.241547  0.00247586 -0.00549062 0.000734969  0.0433278 -0.0260881 -0.0253108  -4.34035 -0.863482  -8.75398 
             36.4998  19.3737 -5.74881  70.3062 0.680877 0.176337  1.63386    0.26065 -0.0951472   0.304116 0.00100529 -0.0155683  0.0580217   0.273388 -0.0819794  -0.109205  0.00253258 -0.00543475  0.00079173  0.0438925  -0.038078 -0.0226572   -4.3422 -0.866924  -8.75273 
             36.5991 16.2262 -1.5786 67.1104 0.699389 0.163124  1.61144   0.260336 -0.0978042   0.302609 0.00105537 -0.0154967  0.0579076  0.110327 -0.164138 -0.283805  0.00263768 -0.00542788  0.00051772  0.0449597  -0.038945 -0.0229912  -4.34154 -0.867866  -8.75296 
             36.6988  14.4506 -1.03214  66.0187 0.697572 0.144656   1.5778   0.232737 -0.0845765   0.334734 0.00159083 -0.0150686  0.0579369 0.0556455 -0.168299 -0.245063  0.00248172 -0.00523696 0.000282524  0.0407093  -0.046913 -0.0188723  -4.34469 -0.869173  -8.75127 
             36.7998  14.5954 -6.61367  67.1675  0.70733 0.129516  1.56238   0.236401 -0.0895962   0.331397 0.00176744 -0.0153026  0.0576994  0.120444 -0.145712 -0.124506  0.00235555 -0.00491094 2.59341e-05  0.0413467 -0.0454024 -0.0197596  -4.34461 -0.868488  -8.75137 
             36.8999  15.9798 -7.46688  68.7509 0.728337  0.11723  1.55513  0.237286 -0.109625   0.32507 0.00150368 -0.0155838  0.0578611  0.115237 -0.156402 -0.132477  0.00225461 -0.00517233 8.55096e-05  0.0446657 -0.0421243 -0.0230031  -4.34379 -0.865865  -8.75204 
             36.9999  18.8623 -7.22966  65.7736  0.73172 0.104643  1.52817   0.226886 -0.0973054   0.334821 0.00168618 -0.0159918  0.0578496 0.0270538 -0.117308 -0.243424  0.00219988 -0.00515563 0.000359677  0.0420533  -0.043763 -0.0200693  -4.34505 -0.865235  -8.75148 
             37.0997  19.7547 -8.25637  63.7677 0.731231 0.101005  1.51182 0.240508  -0.1212 0.344062 0.00131896 -0.0158102  0.0579722 -0.00165193  -0.0540629   -0.242048  0.00231771 -0.00508315  0.00025699   0.042665 -0.0428152 -0.0216965   -4.3478 -0.865395   -8.7501 
             37.1999   20.445 -8.64571  65.4907 0.733412 0.101784   1.4906 0.242089  -0.1292 0.353908 0.00128972 -0.0159708  0.0581436 0.00951397 -0.0109617  -0.241914  0.00230637 -0.00518536 9.13646e-05  0.0426284 -0.0418992 -0.0224022  -4.34892 -0.863901  -8.74969 
             37.2998  22.1457 -8.63312   66.459  0.734758 0.0975577   1.46257  0.239421 -0.123498   0.35055 0.00122709  -0.015912  0.0581077  -0.0144418 -0.00733124   -0.221777  0.00224226 -0.00519594 0.000150024  0.0434879 -0.0418087 -0.0224008  -4.34732 -0.863783   -8.7505 
             37.3998  24.0274 -9.38073   65.407  0.736387 0.0941499   1.43905  0.236296 -0.114483  0.340268 0.00127452 -0.0159857  0.0581886 0.0399228 0.0400119 -0.134029   0.0022678 -0.00511357 0.000224184  0.0447185 -0.0418645 -0.0221531  -4.34493 -0.864331  -8.75163 
             37.4999  24.9169 -7.70793  65.4436 0.745121 0.105635  1.44717  0.240424 -0.129888  0.350099 0.000671595  -0.0159958   0.0586226 0.0353927 0.0507413 0.0104604  0.00230656 -0.00523021 0.000264209  0.0447407 -0.0417089 -0.0249638  -4.34638 -0.863699  -8.75097 
             37.5989 25.1028  -5.939  66.263 0.734342 0.102667  1.43303  0.251294 -0.109577  0.316885 0.00130778 -0.0157268  0.0580595 -0.0539466  0.0461264  -0.052374  0.00235581 -0.00528967 0.000257763  0.0426826  -0.041306 -0.0207043  -4.34608 -0.867748  -8.75072 
                37.7  25.3702 -7.26175  66.4698 0.733751 0.111691  1.43539   0.24031 -0.122333  0.326348  0.0015229 -0.0159528  0.0579148 -0.0877635  0.0984919 -0.0585241  0.00237267 -0.00510197 0.000203212  0.0446332 -0.0421532 -0.0235688  -4.34548 -0.866115  -8.75118 
             37.7998  24.5897 -6.09274  67.7493 0.722194   0.1216  1.42927  0.240478 -0.121175  0.323507 0.00152474 -0.0159402  0.0579056  -0.127822   0.106478 -0.0551581  0.00241015 -0.00525755 0.000217151  0.0446077  -0.042173 -0.0234967  -4.34532 -0.866384  -8.75123 
             37.8998  23.0636 -5.49363  69.0416 0.706716 0.130964  1.42365  0.243726 -0.116729  0.317318 0.00156299 -0.0158487  0.0578995  -0.136329  0.0883402 -0.0145147  0.00246227 -0.00524331 0.000197298  0.0439715 -0.0420433 -0.0226767  -4.34538 -0.867252  -8.75112 
             37.9996  21.4535 -4.73196  71.8976 0.697253 0.139526  1.42258  0.240501 -0.117518  0.327254 0.00148507 -0.0159276  0.0579151  -0.101917  0.0420033 0.00937824  0.00247844 -0.00529745 0.000110399  0.0442541 -0.0413626 -0.0229524   -4.3453 -0.865367  -8.75134 
             38.0996  19.9495 -4.08149  73.8709 0.693423 0.139103  1.42215  0.233064 -0.115579  0.323669 0.00143944  -0.015935  0.0579024 -0.0315108 -0.0497871 0.00523963  0.00247489 -0.00528493 0.000140967  0.0450173 -0.0410188 -0.0234494  -4.34417 -0.864239  -8.75201 
             38.1997  19.8141 -4.78179  74.2276 0.695153 0.125604  1.42197  0.230933 -0.107096  0.302733 0.00155458 -0.0159697  0.0581795  0.0251733  -0.103268 -0.0229835  0.00239722 -0.00519272 0.000199354  0.0461184 -0.0412721 -0.0241525  -4.34152 -0.865775  -8.75318 
             38.2996  21.1686 -6.02634    74.03 0.697858 0.114748  1.42014  0.236959 -0.109456  0.300618 0.00162887 -0.0159011  0.0582272  0.0412564 -0.0722864 -0.0484448   0.0023194 -0.00513792  0.00020439  0.0468546 -0.0413611 -0.0247672  -4.34105 -0.866883   -8.7533 
             38.3996  21.9563 -6.49555   74.774 0.700345 0.116485  1.41664  0.238104 -0.120689  0.319709 0.00163908 -0.0159414  0.0580488  0.0636977  -0.032683 -0.0238148  0.00234695 -0.00517107 0.000184706  0.0453643 -0.0410079 -0.0239936  -4.34443 -0.865257  -8.75178 
             38.4985 23.0568 -7.2462 75.8464   0.7029 0.115781  1.41496  0.241666 -0.123426  0.328559 0.00171161 -0.0159935  0.0579762  0.0451059 -0.0147864 -0.0224845  0.00234528 -0.00518261 0.000158491    0.04401 -0.0413795 -0.0230758  -4.34633 -0.865491  -8.75082 
             38.5996   24.676 -8.29743  75.8054 0.71007 0.11615 1.41236  0.237108 -0.127437  0.328709 0.00171488 -0.0159709   0.058016    0.022557 -0.00203724  -0.0299554  0.00233926 -0.00512565 0.000216144  0.0451751 -0.0405725 -0.0240836 -4.34569   -0.864 -8.75128 
             38.6986 25.3176 -8.1215 75.5574 0.709735 0.111596  1.40902  0.237631 -0.118796  0.317206 0.00174727 -0.0160376   0.057946 -0.00641802  -0.0202317  -0.0105541  0.00239363 -0.00518497 0.000257741  0.0449468 -0.0410813 -0.0236037  -4.34457 -0.865462  -8.75169 
             38.7997  25.1972 -8.53873  75.5379  0.71185 0.108112  1.41324  0.235468 -0.124926  0.309569 0.00172422 -0.0161514  0.0579285 -0.0105699 -0.0286187  0.0216137  0.00247155 -0.00514924 0.000241693  0.0466869 -0.0410385 -0.0252338  -4.34345 -0.865599  -8.75224 
             38.8997  25.0111 -9.48479  76.3827 0.706612 0.107158  1.41346  0.240246 -0.122824  0.314077 0.00178404 -0.0161102  0.0579637   -0.0187419    0.0015569 -0.000486474  0.00246439 -0.00514251 0.000186795  0.0453512 -0.0411305 -0.0241097  -4.34463 -0.866105   -8.7516 
             38.9988 24.5759 -10.068  77.003 0.700012 0.110589  1.40703  0.246254 -0.117465  0.327552 0.00185891  -0.016032  0.0579814 -0.0177828  0.0115203 -0.0392789  0.00247357 -0.00516695 0.000184702  0.0428429 -0.0407863 -0.0218405  -4.34678 -0.865766  -8.75057 
                39.1  24.9258 -9.59177  77.3009 0.701072 0.114036   1.3993  0.242149 -0.116928  0.339891 0.00192434 -0.0160511  0.0580615 -0.00987758  0.00422089  -0.0655887  0.00243149 -0.00522097 0.000244792  0.0426957 -0.0400279 -0.0216366  -4.34712 -0.863529  -8.75062 
             39.1998  25.5445 -9.80719  76.9066 0.699816   0.1099  1.39434  0.242794 -0.116575  0.329795 0.00192757 -0.0160521   0.058094 -0.0403628 -0.0323812  -0.069904  0.00243153 -0.00517849 0.000256042  0.0436715 -0.0402243 -0.0224898  -4.34584 -0.864511  -8.75116 
             39.2997  25.8957 -10.4826   77.084  0.697291 0.0987444   1.39077  0.244147 -0.115683  0.306957 0.00195566 -0.0160005  0.0581752 -0.0343771 -0.0753935 -0.0594666  0.00243447 -0.00515581 0.000242201  0.0453873 -0.0409862 -0.0238034 -4.34351 -0.86707 -8.75206 
             39.3996   26.118 -11.2502  77.7674  0.695393 0.0909977   1.38617  0.244453 -0.119432  0.308002 0.00197003 -0.0160097  0.0581735 -0.00951297   -0.103748  -0.0599568  0.00245264 -0.00515269 0.000194734  0.0456934 -0.0410261 -0.0242188  -4.34369 -0.867058  -8.75198 
             39.4996  26.5782 -12.2553  77.9557  0.697034 0.0859084   1.37708  0.241595 -0.121498  0.328287 0.00193834 -0.0160609  0.0581322  0.0251126 -0.0884891 -0.0797259  0.00245164 -0.00513335 0.000197044  0.0449868 -0.0400574 -0.0237247   -4.3451 -0.864232  -8.75156 
             39.5994 27.0536 -13.844 77.6877  0.698025 0.0780662   1.36438  0.241032 -0.116046   0.33358 0.00187379 -0.0160504  0.0581353  0.0204145 -0.0820899  -0.106106  0.00246452 -0.00510476 0.000207439  0.0439525 -0.0399895 -0.0225276  -4.34563 -0.863751  -8.75134 
             39.6996  27.7021 -14.5586  78.3308  0.695827 0.0751375   1.35739  0.244884 -0.126427  0.342453 0.00190293 -0.0160768  0.0581268 -0.0160549 -0.0544363 -0.0924561  0.00243675 -0.00515042 0.000185845  0.0431953  -0.039925 -0.0224095  -4.34789 -0.863651  -8.75022 
             39.7997  27.8815 -15.5045  79.5201 0.695748 0.071079  1.34983  0.244016 -0.128147  0.344981 0.00186434 -0.0160948  0.0581535 -0.0183579 -0.0514867  -0.072574  0.00246734 -0.00514922 0.000160248  0.0435586 -0.0397393 -0.0229154  -4.34774 -0.863123  -8.75035 
             39.8997  27.9698 -16.2534  81.3396 0.692098 0.065631  1.33989  0.244648 -0.126818  0.351659 0.00194554 -0.0161022  0.0581357 -0.00741589  -0.0806466  -0.0512286  0.00247794 -0.00519507 0.000129794  0.0430419 -0.0393946 -0.0219331  -4.34843 -0.862469  -8.75007 
             39.9996  27.7131 -17.0162  81.5181 0.695949 0.046581  1.33411  0.243118 -0.112915  0.323279 0.00202168 -0.0162407  0.0580956  0.0294717  -0.128601 -0.0395548  0.00252437 -0.00517079  0.00021337  0.0442535 -0.0398447 -0.0225317  -4.34477 -0.864618  -8.75168 
             40.0995  27.2257 -17.5431  80.4621  0.700447 0.0328051   1.33315  0.243791 -0.113645  0.318527 0.00203286 -0.0163112  0.0581172  0.0400174  -0.116124 -0.0325639  0.00255178 -0.00513476 0.000277592  0.0444686 -0.0399621 -0.0230692  -4.34441 -0.865144  -8.75181 
             40.1996  26.6703 -18.3334  80.1962  0.707762 0.0249819    1.3357  0.243381 -0.119892  0.324648 0.00207532 -0.0163226  0.0580768  0.0520318 -0.0852583 -0.0136717  0.00254883 -0.00512615 0.000223742  0.0446578 -0.0396515 -0.0241757  -4.34488 -0.864309  -8.75165 
             40.2996  25.9237 -18.8757  80.3909  0.710707 0.0222377   1.33475  0.243147 -0.126522  0.333982   0.002096 -0.0163404  0.0580956  0.0402908 -0.0536126 -0.0121476  0.00255529 -0.00515743 0.000176183  0.0441204 -0.0393293  -0.023843 -4.34657 -0.86338 -8.75091 
             40.3995  24.9769 -18.8803  80.4972  0.717018 0.0212168   1.33141  0.240921 -0.129336  0.349673 0.00211151 -0.0163524  0.0581388  0.0577334 -0.0326422  -0.032395  0.00256558 -0.00517779 0.000170521  0.0441675 -0.0387552 -0.0237899  -4.34729 -0.861364  -8.75075 
             40.4996  24.4187 -18.8831  80.7749  0.721306 0.0171552   1.32488  0.239911 -0.129957  0.347106 0.00213737 -0.0163501  0.0581068  0.0585218 -0.0255665 -0.0664102  0.00254533 -0.00518922   0.0001613  0.0444288 -0.0391462 -0.0234963  -4.34722 -0.861801  -8.75074 
             40.5996  24.1884 -18.9091  80.4904   0.729609 0.00893562    1.31851  0.243294 -0.123418  0.338669 0.00212976  -0.016341  0.0581255  0.0753145 -0.0457319 -0.0769532   0.0025477 -0.00516511 0.000190826  0.0450527 -0.0392981 -0.0240994  -4.34539 -0.862951  -8.75154 
             40.6997  24.2526 -18.8125  80.2891   0.735554 0.00236077    1.30683 0.239996 -0.12481 0.339449 0.00213071 -0.0163834  0.0581209  0.0697525 -0.0702607 -0.0945968  0.00252292 -0.00517903 0.000182794   0.045688 -0.0399819 -0.0237528  -4.34522 -0.863075  -8.75161 
             40.7996  25.0579 -18.8722  79.6423    0.740958 -0.00467686     1.29511 0.238055 -0.12502 0.343432 0.00212389 -0.0164172  0.0581492  0.0354008 -0.0708802  -0.107751  0.00248124 -0.00517436 0.000189287  0.0459795 -0.0400332 -0.0236554 -4.34515 -0.86254  -8.7517 
             40.8996  25.9066 -19.2952    78.28   0.740392 -0.0164772    1.28278   0.23816 -0.124276    0.3339 0.00208812  -0.016477  0.0582178 0.00514663 -0.0816063  -0.092959  0.00247812 -0.00514537 0.000209435   0.046577 -0.0409666 -0.0234888  -4.34443 -0.864136   -8.7519 
             40.9995  26.7978 -19.4074  77.2552   0.740185 -0.0206338    1.27918  0.238726 -0.127886  0.337415 0.00209796 -0.0164531  0.0581777  0.0109556 -0.0809377 -0.0166284  0.00246256 -0.00515245  0.00020996  0.0456265 -0.0407294 -0.0233357   -4.3458 -0.863795  -8.75125 
             41.0995  27.4352 -18.7637  76.5432   0.744088 -0.0260174    1.28762   0.24006 -0.129492  0.348866 0.00203981 -0.0164396  0.0582988 -0.00685782   -0.112016   0.0600528  0.00247766 -0.00517857 0.000220339  0.0444914 -0.0399704  -0.023946  -4.34689 -0.862421  -8.75085 
             41.1995  27.9851 -19.1621  75.6537   0.742206 -0.0356725    1.29372  0.239913 -0.130186  0.351024 0.00203792 -0.0164441  0.0582966 -0.0378659 -0.0910102  0.0604617  0.00246958 -0.00511972 0.000207531   0.044486 -0.0399107 -0.0239822  -4.34701 -0.862186   -8.7508 
             41.2995  28.5576 -19.4424  77.1267  0.740688 -0.042467   1.29942  0.238767 -0.129905  0.356423 0.00195571 -0.0164665  0.0583455 -0.0230156 -0.0556596  0.0462769  0.00242542 -0.00516891 0.000122857  0.0446862 -0.0398455 -0.0242797  -4.34681 -0.861535  -8.75097 
             41.3995  28.8117 -18.9935  77.7629   0.734373 -0.0525657    1.29842  0.239369 -0.128718  0.339884 0.0020286 -0.016368 0.0582018 -0.0553864   -0.06689 0.00938887  0.00245898 -0.00520255 0.000176941  0.0455033 -0.0400962 -0.0238281  -4.34592 -0.863104  -8.75126 
             41.4995  29.2961 -18.2749  76.6906   0.729823 -0.0604648    1.29729  0.239584 -0.126454  0.343827 0.00209303 -0.0163921  0.0581737 -0.0710388 -0.0785037 -0.0112617  0.00247803 -0.00515769 0.000253853  0.0458044 -0.0398233 -0.0239829  -4.34538 -0.862558  -8.75158 
             41.5996  29.7111 -18.6504  76.5911   0.717466 -0.0669432    1.29527  0.239465 -0.130497  0.341052 0.00207252 -0.0163796  0.0581677  -0.119247 -0.0611438 -0.0241353  0.00245781 -0.00514967 0.000185039  0.0455972 -0.0400889  -0.023554  -4.34624 -0.863057  -8.75111 
             41.6996  30.2386 -19.8409  76.6845   0.711141 -0.0723448     1.2926  0.239521 -0.126142  0.347128 0.00200671 -0.0163734  0.0582225 -0.0847905 -0.0187325 -0.0116591  0.00246153  -0.0051027 0.000164288  0.0461447 -0.0395823 -0.0241193   -4.3451 -0.862054  -8.75177 
             41.7994  30.2591 -20.3693  76.3552   0.703763 -0.0659561     1.2912  0.240716 -0.128852   0.36351 0.00198837 -0.0163675  0.0581851 -0.055247 0.0592829 0.0048553  0.00248293 -0.00512541 0.000187272  0.0456718  -0.039052 -0.0236934  -4.34629 -0.860548  -8.75132 
             41.8995  30.4997 -19.9377  75.1259   0.699562 -0.0547492    1.29409   0.24043 -0.129672  0.373833 0.00197283 -0.0162805   0.058216 -0.0446448  0.0871113   0.018033  0.0024857 -0.0051461 0.00024103  0.0448706 -0.0389508 -0.0235678  -4.34722 -0.859652  -8.75095 
             41.9996  30.9195 -19.2078  74.5763   0.694642 -0.0442821     1.2951  0.240499 -0.132674  0.380952 0.00199647 -0.0162752  0.0582425 -0.0575212  0.0892128  0.0208383  0.00246599 -0.00517757 0.000213865  0.0450599 -0.0387609  -0.023523  -4.34765 -0.858977  -8.75081 
             42.0994  30.7107 -19.2902  75.4339   0.688779 -0.0362679    1.30128 0.239955  -0.1273 0.373166 0.00201121 -0.0162635  0.0582429 -0.0640657  0.0816418  0.0330535  0.00247884 -0.00516065 0.000147725  0.0440445 -0.0391187 -0.0235993  -4.34745 -0.859775  -8.75082 
             42.1995  29.9358 -19.6975  76.6367   0.681088 -0.0327678    1.30189  0.239266 -0.127248  0.355546  0.0020368 -0.0160944  0.0582044 -0.0425993  0.0744169  0.0135714   0.0025021 -0.00517146 0.000122981  0.0448416 -0.0395382 -0.0235425  -4.34659 -0.861389  -8.75109 
             42.2994  29.7556 -19.5315  76.8914   0.684752 -0.0283067    1.30606  0.237864 -0.118793  0.359141 0.00202135  -0.016112  0.0582225 0.00815148  0.0449107   0.020075  0.00248662 -0.00515498 0.000179085  0.0445704 -0.0395697  -0.024292 -4.34533 -0.86085 -8.75177 
             42.3995  30.5287 -18.5993  75.8329   0.682897 -0.0220679    1.30489  0.237895 -0.123206  0.363028 0.00200019 -0.0161221  0.0582115  -0.0137193   0.0427642 -0.00176501  0.00244339   -0.005158 0.000246926  0.0447798 -0.0394402 -0.0238979  -4.34604 -0.860495  -8.75146 
             42.4995  31.3555 -18.2133  74.7841   0.683799 -0.0192057    1.30566  0.237572 -0.120696   0.36538 0.00204661 -0.0161008  0.0582275 -0.0101738  0.0279482 0.00819666  0.00246008 -0.00511378 0.000227568  0.0447401 -0.0393293 -0.0241642  -4.34564 -0.860138  -8.75169 
             42.5974  31.5937 -18.2857  74.3852   0.678744 -0.0157514    1.30585  0.238723 -0.123886  0.361979 0.00204003 -0.0161069  0.0582273 -0.0213054  0.0332539 0.00873772  0.00246236 -0.00510404 0.000196868  0.0446428 -0.0394431 -0.0236817 -4.34631 -0.86071  -8.7513 
             42.6994  31.6983 -18.5356  74.5742   0.680082 -0.0133518    1.30609  0.237596 -0.121606  0.363355 0.00198381 -0.0160924  0.0582345  0.00577567   0.0272308 0.000213939  0.00245797 -0.00510633 0.000182863  0.0449777 -0.0393817 -0.0240131  -4.34563 -0.860358  -8.75167 
             42.7994  31.7242 -18.3422  74.7316    0.679801 -0.00875656     1.30047 0.240985  -0.1257 0.372905 0.00200916 -0.0160966  0.0582306  0.0246639  0.0195229 -0.0259566  0.00245073  -0.0051404 0.000189401  0.0453737 -0.0385516 -0.0233927  -4.34635 -0.859424  -8.75141 
             42.8995  32.2248 -18.4959  74.9965    0.682272 -0.00848166     1.30122  0.240004 -0.124875  0.367248 0.00202874 -0.0160739  0.0582078   0.0270444 -0.00563639 -0.00891802  0.00243362 -0.00512036  0.00017414  0.0449273 -0.0390073 -0.0235275  -4.34639 -0.860109  -8.75132 
             42.9994  32.8571 -18.5975  74.9596   0.685727 -0.0121502    1.29871  0.239747 -0.122871  0.362903 0.00202243 -0.0160741   0.058231  0.0230093 -0.0188063  -0.010701  0.00242699 -0.00512067 0.000187461  0.0454404 -0.0389318 -0.0236195 -4.34564 -0.86032 -8.75167 
             43.0994  33.1645 -18.9812   75.105    0.68508 -0.0112601    1.29822  0.240062 -0.124366  0.365232 0.00203259  -0.016078  0.0582211 -0.0215663 0.00837305 -0.0210944  0.00244642 -0.00511095  0.00017816  0.0450867 -0.0390215 -0.0235364  -4.34617 -0.860282  -8.75141 
             43.1995  32.7267 -19.3074  75.6247    0.683127 -0.00993576     1.29653   0.24024 -0.124188  0.370054 0.00202812  -0.016084  0.0582139  -0.0306419 -0.00612067 -0.00521115   0.0024783 -0.00510945 0.000166747  0.0450072 -0.0389103 -0.0235556  -4.34627 -0.859842   -8.7514 
             43.2993  31.6805 -19.4729  76.8859   0.676796 -0.0119223    1.30001  0.238677 -0.126092  0.360908  0.0020799 -0.0161015  0.0582894 -0.0423839  -0.028452  0.0165144  0.00248953 -0.00514659 0.000137731  0.0445013 -0.0396287 -0.0234349  -4.34679 -0.860983  -8.75103 
             43.3993  30.8329 -20.2398  78.1082     0.67591 -0.00802174     1.29831  0.241725 -0.127035  0.389183 0.00200335 -0.0161714  0.0582792  -0.0312244 0.000545317  0.00200744  0.00248066 -0.00512461 0.000114679  0.0444129 -0.0385603 -0.0232799  -4.34754 -0.858335  -8.75092 
             43.4993  30.1942 -20.8761  78.8197    0.672261 -0.00942882     1.29905  0.241668 -0.126451  0.382387 0.00200471 -0.0161659  0.0582916 -0.0300822  0.0107264  0.0259884  0.00248414 -0.00512522 0.000133958  0.0446514 -0.0386557  -0.023296  -4.34716 -0.858914  -8.75105 
             43.5994  29.6746 -21.3801  79.3824    0.674451 -0.00763502      1.3008  0.240623 -0.122492  0.391273 0.00203362 -0.0161732  0.0583206 -0.0121873  0.0363171  0.0306475  0.00249425 -0.00513424 0.000125913  0.0450699 -0.0383465 -0.0236982   -4.3463 -0.857757  -8.75159 
             43.6995  28.8373 -21.4936  79.9787    0.675062 -0.00181814     1.30519  0.240299 -0.121167  0.394626 0.00203501 -0.0161629  0.0583265 -0.00283457   0.0591813   0.0355319  0.00250874 -0.00514782 0.000135183  0.0447725 -0.0383257 -0.0238369  -4.34633 -0.857429  -8.75161 
             43.7993  28.4271 -20.8746  80.5622   0.674124 0.00327348    1.31027 0.240318 -0.12142 0.393603  0.002019  -0.01615 0.0583347 -0.00792551   0.0339559    0.044278   0.0024888 -0.00517552 0.000140952  0.0445183 -0.0383636 -0.0238109  -4.34654 -0.857551  -8.75149 
             43.8994 28.1529 -20.481 80.0113   0.670571 0.00251735    1.31566  0.241373 -0.119786  0.383121 0.00198622 -0.0161959  0.0583372  -0.0378167 -0.00532631   0.0404896  0.00250417 -0.00514129  0.00018162   0.044441 -0.0386579 -0.0238721 -4.34615 -0.85873 -8.75157 
             43.9993  27.8781 -20.1129  79.2553     0.66389 -0.00177599     1.31684  0.241562 -0.120952  0.376313 0.00195454 -0.0162545   0.058364 -0.0567083 -0.0300155  0.0186338  0.00249919  -0.0051457 0.000194795  0.0450241 -0.0389799 -0.0236802  -4.34583 -0.859562  -8.75165 
             44.0994  27.7208 -20.3089  79.4201    0.658848 -0.00414522     1.31479  0.240882 -0.121266  0.380764 0.00190578 -0.0162743  0.0583861 -0.0497391  -0.016774 -0.0218584  0.00247584  -0.0051413 0.000142388   0.045322 -0.0387665 -0.0235119 -4.34582 -0.85894 -8.75172 
             44.1994  27.3143 -21.0493  80.3149     0.653489 -0.000601943      1.31261  0.241236 -0.122172  0.383298 0.00195322 -0.0163526  0.0583498 -0.0395407  0.0295555 -0.0372543  0.00247733 -0.00512975 9.22263e-05  0.0447891 -0.0385725 -0.0234549  -4.34641 -0.858648  -8.75145 
             44.2994   26.344 -20.3494  80.8365   0.652577 0.00524586     1.3099  0.240217 -0.123461  0.389831 0.00198777 -0.0163549  0.0583948   0.0337372  0.00784674 6.71985e-05  0.00250148 -0.00518727 0.000112418  0.0443727 -0.0382961  -0.023157  -4.34713 -0.857794  -8.75118 
             44.3993  25.8322 -19.9677  80.5006     0.6646 0.00257607    1.30869  0.241795 -0.116934  0.396392 0.00207127 -0.0164191  0.0583458  0.0817518  0.0108826 -0.0079939  0.00250773 -0.00516777 0.000137861  0.0449833 -0.0377818 -0.0236622  -4.34569 -0.856985  -8.75197 
             44.4994  27.0722 -19.9474  80.0711     0.668495 -0.000484205      1.30614  0.245366 -0.113333  0.388013 0.00206264 -0.0164314  0.0582829 0.0624373   0.01567 -0.027794    0.002419 -0.00516547 0.000148924   0.044946 -0.0384117  -0.023335  -4.34515 -0.858664  -8.75208 
             44.5993  27.1557 -18.5658  79.7585   0.675281 0.00683806    1.31124  0.247211 -0.117978  0.386589 0.00197518 -0.0163087  0.0584029   0.0778142 -0.00036814   0.0249155  0.00246339 -0.00518287 0.000170994  0.0437194 -0.0375795 -0.0235575  -4.34663 -0.858294  -8.75138 
             44.6993  26.7098 -17.7856  79.3712   0.684222 0.00330483    1.31259  0.247587 -0.115255  0.389116 0.00198282 -0.0163246  0.0583717  0.0350015 -0.0443918  -0.019957  0.00248811 -0.00516593 0.000172098  0.0438047 -0.0372446 -0.0238873  -4.34612 -0.857825  -8.75168 
             44.7992  26.3359 -19.3067  78.7622    0.687068 -0.00061318     1.30769  0.245855 -0.114244  0.391251 0.00187329 -0.0162895  0.0583869  0.0135109 -0.0227735  -0.020207  0.00249226 -0.00507821 0.000132055  0.0441303 -0.0372273 -0.0238011  -4.34581 -0.857401  -8.75187 
             44.8992  26.0962 -20.0172  79.3975  0.687857 0.0013019   1.30511 0.244955 -0.11388 0.397243 0.00177829 -0.0163077  0.0584026   0.067542 0.00841147  0.0762498    0.002469 -0.00512854 7.37788e-05  0.0439224 -0.0371618 -0.0227301   -4.3464 -0.856799  -8.75164 
             44.9992  25.7666 -19.1732  77.8387   0.695499 0.00321057     1.3157  0.246036 -0.113831  0.393771 0.00171522 -0.0163242  0.0584245 0.0862959 0.0395703 0.0791562  0.00249419 -0.00515574 0.000173733  0.0437349 -0.0372313 -0.0229053  -4.34642 -0.857259  -8.75159 
                45.1 26.1829 -18.202 76.6522   0.701893 0.00644076    1.32455  0.248483 -0.112595  0.388857 0.00164233 -0.0163007  0.0584126 0.0411531 0.0434896 0.0406719   0.0024484 -0.00515285 0.000160236  0.0432456 -0.0370735 -0.0229499  -4.34652 -0.857801  -8.75148 
             45.1994  26.4991 -17.8805  76.0409   0.705055 0.00868076    1.33039  0.251359 -0.108295  0.383864 0.00164342 -0.0162564  0.0583959 0.0282795 0.0339841 0.0157474  0.00242583 -0.00513319 0.000133066  0.0425774 -0.0369075 -0.0231259  -4.34627 -0.858392  -8.75155 
             45.2993  25.5575 -17.8406  76.6381  0.709931 0.0113174   1.32855   0.25093 -0.108276  0.386126 0.00158607 -0.0162195  0.0583777  0.0512732  0.0246832 -0.0162013  0.00247152 -0.00514069 8.07888e-05  0.0429856 -0.0368613 -0.0231201    -4.346 -0.858133  -8.75171 
             45.3992  26.3486 -17.0913  76.9616  0.715402 0.0147946   1.32283  0.249859 -0.108899  0.391676 0.00158771 -0.0163072  0.0584467  0.0397469  0.0237379 -0.0283185  0.00240415  -0.0051834 9.06029e-05   0.043274 -0.0365575 -0.0227941  -4.34607 -0.857315  -8.75175 
             45.4992  27.0673 -16.5831  75.4575  0.716557 0.0133719      1.32  0.250455 -0.109474  0.387271 0.00157525 -0.0163657  0.0584732 0.00644265  0.0128568 -0.0271153  0.00240787 -0.00513567  0.00016676  0.0437642 -0.0369045 -0.0228774  -4.34571 -0.858054  -8.75186 
             45.5993  26.8041 -16.2217  75.7172  0.716182 0.0168435   1.31824  0.250539 -0.110086  0.389098 0.00158124 -0.0163739  0.0584772 -0.00134587    0.017096  -0.0177834   0.0024212 -0.00515002 0.000119059   0.043516 -0.0368277 -0.0228475  -4.34601 -0.857849  -8.75173 
             45.6992  25.9904 -15.9679  76.5689  0.719988 0.0162068    1.3189  0.250352 -0.109054  0.387549 0.00153273 -0.0164097  0.0584612  0.0225254 0.00271251 -0.0171859  0.00244986 -0.00515858 7.19652e-05    0.04369 -0.0367176 -0.0234155  -4.34552 -0.857835  -8.75198 
             45.7992  26.4176 -16.0552  76.5763  0.723503 0.0177079   1.31549   0.24947 -0.109584  0.392075 0.00151082  -0.016438  0.0584686  0.0190882  -0.010701 -0.0288565  0.00241356 -0.00514588 9.70123e-05  0.0437085 -0.0364672 -0.0234142  -4.34563 -0.857157  -8.75199 
             45.8993  26.7157 -15.8572  76.2367  0.723776 0.0154459   1.31262  0.249808 -0.109103  0.390272 0.00150809 -0.0164433  0.0584737 -0.00389688  -0.0116165  -0.0242535  0.00242285 -0.00513489 0.000119481  0.0437715 -0.0365642 -0.0233631  -4.34552 -0.857429  -8.75202 
             45.9992  26.8098 -15.8374  76.5613  0.721953 0.0138762   1.31045  0.249996 -0.109289  0.390239  0.0015108 -0.0164436  0.0584708 -0.0233558 -0.0309434 -0.0169879  0.00241171 -0.00514236 9.60231e-05  0.0437158  -0.036603 -0.0233014  -4.3456 -0.85749 -8.75197 
             46.0993  26.7114 -15.9459  76.9377  0.713218 0.0118997    1.3071  0.251309 -0.110522  0.392866 0.00153968 -0.0164463  0.0584668 -0.0687524 -0.0566378 -0.0250698  0.00240595 -0.00515232 8.40726e-05  0.0431867 -0.0367531 -0.0225458  -4.34647 -0.857603  -8.75153 
             46.1993   26.565 -16.5513  77.0839   0.708455 0.00485717    1.30459 0.249889 -0.11029  0.39282 0.00153589 -0.0164578  0.0584558 -0.0838629 -0.0722657 -0.0368629  0.00242552 -0.00511903 8.07803e-05  0.0435058 -0.0365562 -0.0230189 -4.34603 -0.85724 -8.75178 
             46.2992  26.1218 -17.4885  77.0136    0.701814 -0.00312652     1.30042 0.249341 -0.10911 0.390281 0.00153481 -0.0164594  0.0584661 -0.0670926 -0.0505242 -0.0287583  0.00244907 -0.00511434 7.42663e-05  0.0437805 -0.0364775 -0.0231308  -4.34559 -0.857295  -8.75199 
             46.3992  25.8678 -18.0388  76.9712    0.696553 -0.00370985     1.30064  0.249393 -0.110884  0.393843  0.0015383 -0.0164563  0.0584537 -0.0319413 -0.0116383 0.00162564  0.00243554 -0.00511702  8.2108e-05  0.0434296 -0.0364433 -0.0232001  -4.34611 -0.856987  -8.75176 
             46.4992  25.6803 -18.1014  76.6956    0.694909 -0.00560766     1.30013  0.249223 -0.110083  0.393371 0.00154788 -0.0164681  0.0584436 -0.00645828 -0.00917281  0.00414842  0.00243593 -0.00513622 9.07691e-05  0.0436163 -0.0364899 -0.0231368  -4.34588 -0.857054  -8.75187 
             46.5993  26.2809 -17.5927  75.7802   0.696632 -0.0049671    1.30212  0.249776 -0.109693  0.394693  0.0015309 -0.0164082  0.0584768 0.00256884 -0.0137921  0.0016939   0.0024131 -0.00513596 0.000131369  0.0432798 -0.0362355 -0.0233843  -4.34599 -0.856784  -8.75184 
             46.6991  27.0927 -16.9979  75.0247    0.696119 -0.00928885     1.30388  0.251723 -0.106999  0.391364 0.00150933 -0.0163971   0.058449 -0.0080587 -0.0199471 0.00776582  0.00239218 -0.00513246 0.000134935  0.0431034 -0.0362392  -0.023486  -4.34568 -0.857293  -8.75195 
             46.7992  27.1011 -17.0917  74.7537    0.693773 -0.00900272     1.30378  0.250757 -0.109219  0.392045 0.00151464 -0.0164017  0.0584417 -0.000707419   0.00276314    0.0159474  0.00241698 -0.00511697 9.40497e-05  0.0431606 -0.0363913 -0.0231985  -4.34606 -0.857243  -8.75177 
             46.8991   26.905 -17.2025    75.19    0.694576 -0.00734468     1.30416  0.250152 -0.109433  0.394181 0.00148377 -0.0163959  0.0584365 0.00403087  0.0215472  0.0102213  0.00240895 -0.00512407  7.4987e-05  0.0433455 -0.0363389 -0.0231534  -4.34599 -0.856969  -8.75183 
             46.9993  26.7888 -17.0936   75.005    0.694441 -0.00601952     1.30583  0.250552 -0.108754  0.392039 0.00148716  -0.016398  0.0584403 -0.00422382   0.0190732   0.0098634   0.0024141 -0.00512031 8.80777e-05  0.0432736 -0.0363909  -0.023213  -4.34591 -0.857223  -8.75184 
             47.0992  27.1958 -16.8034  74.8226    0.694206 -0.00208924     1.30713   0.25036 -0.109348  0.395039 0.00148878 -0.0164007  0.0584487 -0.0181167  0.0291113  0.0145725  0.00238514 -0.00511142 9.86465e-05  0.0431516 -0.0362691 -0.0232191  -4.3461 -0.85686 -8.75178 
             47.1992  27.3613 -16.5901  74.8325    0.691903 -0.00167602     1.30423   0.24983 -0.108534  0.394368 0.00148729 -0.0164095  0.0584513 -0.0337518  0.0280337 0.00122909  0.00240117 -0.00513112 9.55301e-05  0.0438726 -0.0362135 -0.0230372  -4.34553 -0.856851  -8.75206 
             47.2991  27.1274 -16.4171  74.9341   0.687413 0.00183836     1.3061  0.249954 -0.108998  0.395195 0.00149079 -0.0164147  0.0584596 -0.0516665  0.0218383   0.014059  0.00241263 -0.00512685 9.15178e-05    0.04365 -0.0362426 -0.0230763  -4.34575 -0.856812  -8.75196 
             47.3992 26.7287 -16.318 74.8362   0.679732 0.00467542    1.30944  0.250418 -0.110266  0.394111  0.0014939 -0.0164188  0.0584859 -0.0600782  0.0167739  0.0186772  0.00241078 -0.00511983 9.25121e-05  0.0433649 -0.0364512  -0.023054  -4.34613 -0.857101  -8.75174 
             47.4992  26.0005 -16.5174  75.2283   0.674315 0.00581217     1.3099  0.250467 -0.110149  0.393323 0.00149093 -0.0164058  0.0584883 -0.0348724  0.0106123  0.0051152  0.00242413 -0.00512375 5.96901e-05  0.0434412 -0.0364722 -0.0229494  -4.34609 -0.857191  -8.75175 
             47.5992  25.6003 -16.5927  75.8232   0.676328 0.00561608    1.31047  0.249877 -0.108944  0.394456 0.00145408 -0.0164092  0.0585031   0.00718001 -0.000920046  -0.00149367  0.00241248 -0.00513885 4.72923e-05  0.0436383 -0.0362606 -0.0233431  -4.34565 -0.856865  -8.75201 
             47.6991  25.8816 -16.5962  75.5782   0.679482 0.00671989    1.31071  0.249423 -0.109078  0.396559 0.00146269 -0.0163992  0.0585197  0.00942792 -0.00758556 -0.00379442  0.00239218 -0.00511544 7.80286e-05  0.0435699 -0.0359978 -0.0235649  -4.34564 -0.856415  -8.75205 
             47.7992  26.1205 -16.4759   75.222   0.678075 0.00197298    1.30958  0.250317 -0.107919  0.393909  0.0014537 -0.0164305  0.0585186 -0.00414151  -0.0259722 -0.00681591  0.00239672 -0.00512269 8.26076e-05   0.043781 -0.0362895 -0.0234365  -4.34538 -0.857007  -8.75213 
             47.8991 26.3365 -16.724 75.2572   0.677688 0.00494332    1.30878  0.249499 -0.110071   0.39736 0.00145497 -0.0164445  0.0584962 -0.00152031  0.00189852  -0.0128537  0.00239494 -0.00510249 6.22508e-05  0.0434261 -0.0361021 -0.0233272  -4.34598 -0.856441  -8.75188 
             47.9991  26.5812 -16.5125  75.2074   0.677671 0.00479452     1.3061 0.249066 -0.10993 0.397776 0.00145801 -0.0164483  0.0584931 0.00612468 0.00135563 -0.0186919  0.00238972 -0.00512177 7.12816e-05  0.0435371 -0.0361354 -0.0231855  -4.34593 -0.856394  -8.75191 
             48.0992   26.919 -16.4527  74.8259   0.678787 0.00464937    1.30495  0.249378 -0.109471  0.396859 0.00145879 -0.0164491   0.058495 0.00623157 0.00796169 -0.0136361  0.00239526 -0.00510209 7.32897e-05  0.0435363 -0.0361219 -0.0233098  -4.34582 -0.856493  -8.75196 
              48.199  27.2667 -16.2352  74.4799    0.67535 0.00472592    1.30392 0.249753 -0.11018 0.393791 0.00145235 -0.0164517  0.0584894 -0.0281335 0.00645944  -0.005129  0.00238566 -0.00512486 7.90348e-05   0.043535 -0.0363831 -0.0231139  -4.34597 -0.856983  -8.75183 
             48.2991  27.4947 -16.4245  74.7851     0.6703 0.00404187    1.30144   0.2495  -0.1102 0.393013 0.00144275 -0.0164365   0.058489  -0.0508846 -0.00106509 -0.00763655   0.0023866 -0.00512111 3.99028e-05  0.0438032  -0.036441 -0.0228849  -4.34586 -0.857081  -8.75188 
             48.4001  27.2283 -16.8995  75.2437   0.665905 0.00202428    1.30232 0.249199 -0.10925 0.390386 0.00145037 -0.0164368  0.0584942   -0.052052 -0.00920698 -0.00674507  0.00241048  -0.0051013 3.32296e-05  0.0438081 -0.0365418 -0.0231566  -4.34561 -0.857323  -8.75198 
             48.4991  26.9071 -17.1729  75.3725    0.66036 0.00251456    1.30327  0.249432 -0.110062  0.390733 0.00145819 -0.0164502  0.0585064 -0.0460911 0.00124876 -0.0111348  0.00241614 -0.00511387 4.45686e-05  0.0435491 -0.0366555 -0.0232433  -4.34588 -0.857396  -8.75184 
             48.5993  26.7396 -17.4225  75.4753   0.658597 0.00373024    1.30349  0.249354 -0.109733  0.391886 0.00146137 -0.0164574  0.0585046 -0.0188379 0.00558025 -0.0161048  0.00241472  -0.0051125 3.87908e-05  0.0433585  -0.036604 -0.0235127  -4.34588 -0.857244  -8.75185 
              48.699   26.936 -17.1693  75.3807    0.66254 0.00534474    1.30063  0.248862 -0.108388  0.397455 0.00149776 -0.0164589  0.0585448  0.0165473 0.00700981 -0.0183052  0.00239695  -0.0051214 5.21012e-05  0.0434338 -0.0361748 -0.0236782  -4.34562 -0.856429  -8.75206 
              48.799  27.2864 -16.8701  74.8126    0.66405 0.00678843    1.29672  0.247638 -0.109015  0.400503 0.00152397 -0.0164672  0.0585534  -0.00510944 -0.000577548   -0.0140177  0.00239521 -0.00512575  7.4564e-05  0.0436188 -0.0361119 -0.0234874  -4.34566 -0.856009  -8.75208 
              48.899  27.4215 -16.9171  74.9747    0.66265 0.00677372    1.29588  0.247747 -0.109123  0.400378 0.00152652 -0.0164674  0.0585521  -0.0107711   -0.010093 -0.00979481  0.00238356 -0.00510495 4.82584e-05  0.0435674 -0.0361124 -0.0234971  -4.34571 -0.856028  -8.75206 
              48.999  26.8761 -17.5694  76.7124    0.66257 0.00824564    1.29388  0.248101 -0.110454  0.403149 0.00155046  -0.016538  0.0585555  0.0235698 0.00820851 -0.0249914    0.0024076  -0.00511669 -1.97278e-05  0.0434311 -0.0359731 -0.0233297  -4.34607 -0.855738  -8.75191 
             49.0989  27.1017 -17.6185  76.4662   0.663663 0.00843937    1.28883  0.248251 -0.110309  0.400773 0.00154439 -0.0165382  0.0585605  0.0386242  0.0220975 -0.0338822  0.00240792 -0.00511481 4.57805e-05  0.0436297 -0.0361453 -0.0229872  -4.34602 -0.856092   -8.7519 
             49.1991  28.1554 -16.4239  75.3889  0.668067 0.0103957   1.29003   0.24936 -0.109969  0.398686 0.00144667 -0.0164694  0.0585586  0.0360842  0.0194401 -0.0128196  0.00237889 -0.00512922 0.000112767  0.0432976  -0.036174 -0.0233567  -4.34605 -0.856375  -8.75185 
              49.299  28.9436 -15.9631  75.2309   0.672743 0.00568092    1.29229 0.250486 -0.10567 0.395143 0.00144717 -0.0164498  0.0585723 -0.00905869  -0.0364132   0.0211576  0.00236342 -0.00509929 7.38259e-05  0.0433402 -0.0361243 -0.0238689  -4.34524 -0.856757  -8.75222 
             49.3989  28.9492 -16.6275  76.5999   0.670467 0.00276227    1.29866   0.25058 -0.105832  0.395257 0.00149531 -0.0164972  0.0585684 -0.0455223 -0.0292753  0.0447097  0.00237933 -0.00507067  -1.327e-05  0.0430764 -0.0361543 -0.0242365  -4.34531 -0.856757  -8.75218 
             49.4989  27.4824 -18.2343  79.0154   0.655021 0.00175087     1.2954  0.257715 -0.103558  0.393788 0.00169467  -0.016186  0.0586922  -0.0703875 0.000561777   0.0152434   0.00244643  -0.00508837 -9.56471e-05  0.0423693 -0.0357248  -0.022305  -4.34619 -0.857441  -8.75168 
              49.599  26.4131 -18.1718  78.8834   0.649183 0.00350921    1.29184  0.258924 -0.101857  0.396489 0.00174207 -0.0160797  0.0586175  -0.0483697   0.0163533 -0.00348788  0.00249887 -0.00512241 1.66551e-05  0.0423821 -0.0352478 -0.0217192  -4.34618 -0.857031  -8.75173 
              49.699  26.3263 -17.4136  77.7361  0.649449 0.0057646   1.29054   0.258134 -0.0995821   0.400374 0.00193929 -0.0160646  0.0585825 -0.0280376  0.0193787 -0.0101748  0.00245634 -0.00513772 9.65426e-05   0.042349 -0.0349381 -0.0219138 -4.34586  -0.8564 -8.75194 
              49.799  26.1381 -17.2478  77.5644   0.652927 0.00734938     1.2915    0.25825 -0.0968365   0.403649 0.00199564 -0.0160265  0.0586214 -0.00404844   0.0196847 -0.00655688  0.00243932 -0.00512817 4.07957e-05  0.0422778 -0.0345336 -0.0225058  -4.34537 -0.855831  -8.75224 
             49.8989  25.7457 -17.7559  78.6376   0.652687 0.00996858    1.29402   0.259748 -0.0967793   0.401769 0.00206188 -0.0160288  0.0585854 0.00651871  0.0207883 0.00611981   0.00242627  -0.00512619 -3.94019e-05  0.0418826 -0.0344338 -0.0226857  -4.34556 -0.856053  -8.75213 
             49.9989   25.725 -17.5581   78.643  0.654884 0.0131872   1.29412   0.259282 -0.0970336    0.40324 0.00205727 -0.0160364   0.058599    0.0143104    0.0190123 -0.000676163  0.00241812 -0.00514016 2.54571e-05  0.0418639 -0.0342928 -0.0227258   -4.3456 -0.855765  -8.75213 
              50.099  25.9435 -17.3842   78.224 0.655441 0.013012  1.29595   0.261104 -0.0966699   0.400709 0.00204471 -0.0160345   0.058594   0.0125978   0.0128751 0.000118678  0.00241992 -0.00511739  4.9945e-05  0.0417989 -0.0343551 -0.0228983  -4.34553 -0.856229  -8.75213 
             50.1989   26.041 -17.4199  78.4379  0.655179 0.0123703   1.29505   0.260981 -0.0963067   0.399721 0.00204644 -0.0160325  0.0585879    0.0123105   0.00219309 -0.000689465  0.00241451 -0.00512907 1.62301e-05  0.0419066 -0.0346212  -0.022697 -4.34547 -0.85652 -8.75213 
              50.299  26.0108 -17.4349  78.6035  0.657848 0.0122464   1.29607   0.26146 -0.096063  0.399548 0.00204384 -0.0160348  0.0585906   0.0190014 0.000506636  0.00278467  0.00242228 -0.00511378 1.65637e-05  0.0419135  -0.034477 -0.0229025  -4.34536 -0.856471  -8.75219 
              50.399  26.1317 -17.5224  78.6736  0.657289 0.0155843   1.29583   0.260936 -0.0977823   0.400792 0.00204831 -0.0160389  0.0585804  0.00785615   0.0145845 0.000535572  0.00240918 -0.00510692 1.21859e-05  0.0416578 -0.0345714 -0.0226219  -4.34587 -0.856374  -8.75194 
             50.4989  26.2986 -17.5563  78.8519  0.660621 0.0178978   1.29551   0.260334 -0.0973678   0.402544 0.00204001 -0.0160437   0.058591 0.00832806  0.0210928 0.00263742  0.00241222 -0.00510507 1.47416e-05  0.0417621 -0.0343269 -0.0227847   -4.3457 -0.855972  -8.75207 
              50.599  26.4521 -17.6178  78.9697  0.661435 0.0203352   1.29795   0.260984 -0.0976338   0.402121 0.00204162  -0.016044  0.0585914 -0.00207424   0.0214921   0.0139019   0.0024133 -0.00509757  8.6894e-06  0.0416425 -0.0342454 -0.0230032  -4.34574 -0.856005  -8.75204 
              50.699  26.4244 -17.6438  79.1832  0.660987 0.0213219   1.29914   0.261041 -0.0971074   0.401333 0.00204021 -0.0160434  0.0585902 -0.00801958   0.0154552   0.0115545   0.00242064  -0.00510329 -4.18868e-06  0.0417305 -0.0342597 -0.0230493  -4.34559 -0.856086  -8.75211 
             50.7989  26.1758 -17.6478  79.3533  0.658419 0.0232894   1.29786   0.260596 -0.0973117   0.401964 0.00204291 -0.0160239  0.0585889 -0.00737075   0.0187611  0.00442581  0.00244131 -0.00510606 5.28792e-06  0.0417388 -0.0343929 -0.0226087  -4.34576 -0.856104  -8.75202 
             50.8989  26.2585 -17.7559  79.3823  0.657605 0.0237889   1.29822   0.260875 -0.0968986   0.400604 0.00204328 -0.0160238  0.0585913 -0.00254258  0.00696074   0.0034206  0.00242306 -0.00509077 7.48259e-06  0.0418073  -0.034472 -0.0226133  -4.34564 -0.856308  -8.75206 
              50.999 26.5162 -17.714 79.4159   0.65766 0.0246363   1.29824   0.260683 -0.0968586   0.401158 0.00204345 -0.0160242  0.0585961  -0.00800898   0.00595685 -0.000869341  0.00240905 -0.00509325 8.67536e-06  0.0418234  -0.034406 -0.0226604  -4.34562 -0.856189  -8.75209 
             51.0988  26.6211 -17.9483    79.61  0.653913 0.0226824   1.29538   0.260217 -0.0958454   0.399858 0.00203959 -0.0160168  0.0585971  -0.0206877 -0.00251359 -0.00514576   0.00241899  -0.00510615 -2.41506e-06  0.0420023  -0.034749 -0.0221927  -4.34551 -0.856531  -8.75211 
              51.199  26.6696 -18.0591     79.7  0.650494 0.0225216   1.29105   0.259147 -0.0952269   0.400586 0.00203565 -0.0160109  0.0585934 -0.0202207 0.00424315 -0.0211075  0.00241157 -0.00511016 8.63577e-06  0.0421315 -0.0349042 -0.0217207   -4.3455 -0.856491  -8.75212 
             51.2989  26.6155 -17.8571  79.7333  0.651388 0.0242011   1.29288   0.260053 -0.0957285   0.400506 0.00202033 -0.0160193  0.0586094 -0.00371735   0.0103511  -0.0047141  0.00242117 -0.00512624 1.27188e-05  0.0419868 -0.0346819 -0.0222647  -4.34548 -0.856404  -8.75213 
             51.3989  26.7975 -17.5535  79.8239  0.655174 0.0253919    1.2966   0.261178 -0.0955698   0.400551 0.00199364 -0.0160108   0.058634  0.0171584 0.00960876 0.00353396  0.00240438 -0.00511965 1.89704e-05 0.0418384 -0.034357 -0.022971  -4.34533 -0.856247  -8.75222 
             51.4988  26.9123 -17.5028  80.0612  0.658015 0.0307977   1.29673   0.260153 -0.0976616     0.4047 0.00199301 -0.0160312  0.0586408  0.0279332  0.0139108 0.00492088  0.00240434  -0.0051094 6.43509e-06  0.0415961 -0.0341181 -0.0228888  -4.34584 -0.855609  -8.75203 
             51.5989  27.2826 -17.3267  79.8545  0.658851 0.0293275   1.29845   0.261481 -0.0970468   0.401812 0.00199231 -0.0160316  0.0586407  0.0039935 0.00230031 0.00300657  0.00240234 -0.00509293 3.85833e-05  0.0416535  -0.034271 -0.0230241  -4.34565 -0.856108  -8.75208 
             51.6989   27.546 -17.1716  79.4953   0.65723 0.0280294   1.29658   0.261275 -0.0960737   0.401228 0.00198506 -0.0160404  0.0586455 -0.00331619 -0.00875908  0.00183158  0.00239791 -0.00510137 3.71072e-05  0.0417096 -0.0344142 -0.0226554  -4.3456 -0.85626 -8.75209 
             51.7989 27.3768 -17.392 79.7658  0.657342 0.0272121   1.29596   0.261054 -0.0955998   0.401336 0.00197669  -0.016033  0.0586438   0.00181165   0.00143292 -4.73478e-05  0.00241411 -0.00510113 8.61679e-06 0.0417455 -0.034395 -0.022545  -4.34555 -0.856215  -8.75212 
             51.8989   27.523 -17.7129   79.877  0.656739 0.0223891   1.29636    0.26126 -0.0937029   0.396055 0.00198081 -0.0159969  0.0586661 -0.0132047 -0.0128921 0.00740251  0.00239773 -0.00509405 2.58628e-06   0.042038 -0.0346156 -0.0226493  -4.34502 -0.856812  -8.75232 
             51.9989    27.54 -17.7848   79.879  0.655759 0.0231527   1.29636   0.260785 -0.0938516   0.398238  0.0019804 -0.0159986  0.0586651 -0.0258286 0.00374643 0.00692056  0.00240943 -0.00509544 7.53225e-06  0.0420416 -0.0344843 -0.0226126  -4.34507 -0.856493  -8.75233 
             52.0989  27.2463 -17.8501  80.4094  0.653732 0.0250528   1.29726   0.26069 -0.094312   0.39986 0.00197776 -0.0160076  0.0586728 -0.0236443 0.00785554 0.00685671   0.00242456  -0.00510897 -4.78894e-06  0.0419813 -0.0344121  -0.022674  -4.34516 -0.856301   -8.7523 
             52.1995  26.7927 -17.6242  80.7659  0.652234 0.0272539   1.29976   0.260793 -0.0953652   0.401749 0.00196828 -0.0160157   0.058701 -0.0130019 0.00265535 0.00897128  0.00243325 -0.00511664 4.18068e-06  0.0417844 -0.0343843 -0.0228476   -4.3454 -0.856139   -8.7522 
             52.2989  26.6242 -17.4081  80.5915  0.653765 0.0282871   1.30039   0.260199 -0.0953817   0.403563 0.00198048 -0.0160091  0.0586998  0.00499013 -0.00468943 0.000560101  0.00243011 -0.00509944 2.97823e-05   0.041783 -0.0342052 -0.0230282  -4.34536 -0.855785  -8.75226 
              52.399  26.6088 -17.3314  80.4554  0.653227 0.0301439   1.29792   0.259213 -0.0955344   0.405956 0.00197249 -0.0160082  0.0586909  0.00783905  -0.0018724 -0.00745614  0.00241976 -0.00509604 2.04592e-05  0.0415825 -0.0342163 -0.0225659  -4.34569 -0.855507  -8.75212 
             52.4989  26.8378 -17.4252  80.2884  0.650674 0.0297292   1.29819   0.260192 -0.0960325   0.405525 0.00197495 -0.0160071  0.0586648  -0.0118267 0.000876998 -0.00314988  0.00240283 -0.00508782 2.49479e-05  0.0414063 -0.0344371 -0.0224036  -4.34592 -0.855836  -8.75197 
             52.5989  26.9301 -17.5996  80.0199  0.650604 0.0279881   1.29876   0.260676 -0.0955326    0.40391   0.001984 -0.0160031  0.0586783 -0.00793584 0.000292819 -0.00110773  0.00241895 -0.00508039 1.63629e-05  0.0415932 -0.0344034 -0.0226845  -4.34563 -0.855986   -8.7521 
              52.699  26.7495 -17.6321  80.2135  0.648936 0.0264585   1.29889   0.261023 -0.0952979   0.402878 0.00198991 -0.0159974  0.0586774 -0.00345289  -0.0117294  -0.0018648   0.00241282   -0.0050918 -1.18565e-05  0.0415838 -0.0345315 -0.0226087  -4.34562 -0.856208  -8.75208 
             52.7989  26.5771 -17.6822  80.2867  0.651134 0.0219712   1.29719    0.26061 -0.0935131   0.401478 0.00197797 -0.0159882  0.0586652   0.010225 -0.0263309 -0.0088719  0.00241439 -0.00509775 3.84911e-06  0.0419059  -0.034504 -0.0227111  -4.34513 -0.856257  -8.75232 
             52.8988  26.8012 -17.7122  80.1861  0.655422 0.0211145    1.2974   0.260258 -0.0938618   0.402862 0.00197458 -0.0159884  0.0586808   0.0195545  -0.0131817 -0.00144296  0.00240511 -0.00508059  -8.022e-07  0.0419375 -0.0342225 -0.0230465  -4.34505 -0.855879   -8.7524 
             52.9989  27.0743 -17.6132  80.0631  0.655116 0.0204047   1.29603  0.259973 -0.093769  0.402978 0.00197815 -0.0159965  0.0586726  0.00274657 -0.00133905 0.000148503  0.00239951 -0.00509058 1.14606e-05  0.0419174 -0.0343469 -0.0227419  -4.34515 -0.855944  -8.75234 
             53.0988  27.0536 -17.3891  79.8863  0.653979 0.0235429   1.29884   0.260403 -0.0957714   0.404505 0.00196831 -0.0159847  0.0586908  -0.013366 0.00934745  0.0139056   0.0024117 -0.00508383 2.26644e-05  0.0416057 -0.0343164 -0.0228602  -4.34559 -0.855833  -8.75213 
              53.199  26.8454 -17.2386  79.9921  0.649215 0.0277945   1.29837   0.260324 -0.0971717   0.407476 0.00198253 -0.0159741  0.0586989 -0.0330719  0.0181245   0.011249  0.00240547 -0.00509049 -5.7311e-06  0.0413773 -0.0343391 -0.0223537  -4.34611 -0.855627   -8.7519 
             53.2988  26.5193 -17.3843  80.1691  0.646874 0.0304413   1.29527   0.259404 -0.0960768   0.408825 0.00195723 -0.0159549  0.0586873  -0.0245504   0.0281022 -0.00940317    0.0024145  -0.00508623 -1.88852e-05  0.0415357  -0.034213 -0.0220351  -4.34598 -0.855343  -8.75199 
              53.399  26.2148 -17.2732  80.1515  0.645693 0.0300227   1.29675    0.25995 -0.0956994   0.405737 0.00195639 -0.0159659  0.0586917  -0.0158762   0.0167401 -0.00265641   0.00241378  -0.00509017 -3.81413e-06  0.0417073 -0.0342917 -0.0224291  -4.34566 -0.855691  -8.75211 
              53.499  26.1069 -17.3193  80.0178  0.647563 0.0300035    1.3002   0.260838 -0.0957902   0.404284 0.00196689 -0.0159674  0.0586956 0.00261656 0.00614552 0.00901754   0.00240357  -0.00507391 -7.30393e-06  0.0418064  -0.034122 -0.0231069  -4.34538 -0.855756  -8.75225 
             53.5998  25.9985 -17.3504   80.087  0.648991 0.0271555   1.30312    0.26207 -0.0951923   0.402164 0.00196783 -0.0159558  0.0586977  0.0161967 -0.0103038   0.013306   0.00240298  -0.00507923 -1.01323e-05    0.04195 -0.0341393 -0.0234419   -4.3451 -0.856075  -8.75236 
              53.699  26.0795 -17.5226  79.8524  0.650346 0.0255938   1.30238   0.261397 -0.0945362   0.402423 0.00196193 -0.0159612  0.0587033   0.0220033 -0.00882266  0.00546481    0.0023959  -0.00505852 -7.22701e-06  0.0420125 -0.0342566 -0.0231972  -4.34505 -0.856082  -8.75238 
             53.7989  26.4099 -17.4574  79.4718  0.653448 0.0241852   1.30037   0.260201 -0.0931502   0.403071 0.00197151 -0.0159785  0.0587223   0.0185586  0.00280517 -0.00112607   0.00239405  -0.00507308 -1.58128e-06  0.0422268 -0.0342578 -0.0230327  -4.34479 -0.855923  -8.75253 
             53.8987  26.5938 -17.3781  79.4624 0.650596 0.027007  1.30123   0.260594 -0.0947038   0.402636 0.00198733 -0.0159855  0.0587068 -0.00580694   0.0154776  0.00642799   0.00238207  -0.00507721 -9.73343e-06  0.0419097 -0.0344802 -0.0227614  -4.34528 -0.856143  -8.75226 
              53.999  26.4809 -17.0397  79.6205  0.646197 0.0317821   1.30106  0.260311 -0.096482  0.404059 0.00201859 -0.0159888  0.0587311 -0.0244996  0.0181503 0.00440032   0.00238506  -0.00509518 -2.07203e-05  0.0416214 -0.0346108 -0.0223671  -4.34583 -0.856081  -8.75199 
             54.0989  26.4048 -16.8277  79.6311  0.646037 0.0342362   1.30171   0.260034 -0.0964899   0.405218 0.00201116 -0.0159943  0.0587328 -0.0171874  0.0158792 0.00192401   0.00239022  -0.00508818 -1.40538e-05  0.0416374 -0.0344249 -0.0225685 -4.34576 -0.85582 -8.75205 
             54.1994  26.2879 -16.8465  79.7011  0.646129 0.0346914   1.30172   0.259825 -0.0959893   0.404593 0.00200716 -0.0159941  0.0587345 -0.00558604   0.0100652 0.000345896    0.0023887  -0.00507824 -2.79088e-05  0.0417709 -0.0343638 -0.0226878  -4.34556 -0.855804  -8.75215 
             54.2994   26.228 -16.8277  79.7747  0.647549 0.0322706   1.30018   0.259452 -0.0944537   0.402907 0.00200104 -0.0159875  0.0587454   0.0059097 -0.00692909 -0.00988618   0.00239037  -0.00508327 -1.37143e-05  0.0420576 -0.0343476 -0.0227319 -4.34515  -0.8559 -8.75235 
             54.3995  26.3015 -16.9059  79.9219  0.649745 0.0335413   1.29887   0.258767 -0.0949845   0.404196  0.0019956 -0.0159973  0.0587468   0.0152666 -0.00150113  -0.0109754   0.00238716  -0.00507569 -2.63239e-05  0.0420141 -0.0341809 -0.0227759  -4.34523 -0.855588  -8.75234 
             54.4989 26.3863 -16.942 79.9288   0.65066 0.0323144    1.2987   0.259316 -0.0950087   0.403479 0.00199658 -0.0159952  0.0587464   0.0103992 -0.00593217 -0.00678359   0.00239031  -0.00507374 -2.41255e-05  0.0420402 -0.0342363 -0.0228536  -4.34519 -0.855747  -8.75234 
             54.5987  26.5646 -16.9875   79.893  0.650736 0.0343515   1.29965   0.259705 -0.0965311   0.404405 0.00199637 -0.0159919  0.0587382  0.00701606  0.00757868 -0.00242226  0.00237932 -0.00506755 -1.6048e-05  0.0418391   -0.03422 -0.0229269   -4.3455 -0.855685   -8.7522 
             54.6989  26.6336 -16.9905  80.0226  0.649953 0.0342776   1.29862   0.259782 -0.0959931   0.403986 0.00199938 -0.0159902   0.058734  0.00158779  0.00356805 -0.00192015   0.00237801  -0.00508149 -2.46901e-05  0.0418267  -0.034347 -0.0227202  -4.34551 -0.855829  -8.75218 
             54.7995  26.7913 -16.7624  79.8994  0.652085 0.0338045   1.29758  0.259213 -0.095254  0.403997 0.00200663 -0.0159939  0.0587324  0.00235842 0.000743166 -0.00594533    0.0023841  -0.00508645 -9.96641e-06  0.0419781 -0.0342044 -0.0228156  -4.34528 -0.855669  -8.75231 
             54.8989   26.894 -16.7171   79.782    0.6547 0.0317075   1.29587  0.258542 -0.093899     0.403    0.00201 -0.0159992  0.0587316  0.00542061 -0.00711606 -0.00895783   0.00238707  -0.00508007 -1.97868e-05  0.0422405 -0.0340737 -0.0229315  -4.34489 -0.855589  -8.75251 
             54.9989 26.9776 -16.625 79.7352  0.653782 0.0348282    1.2971    0.25897 -0.0959245   0.405638 0.00201214 -0.0160005   0.058733 -0.00761245  0.00377108  0.00366132   0.00237615  -0.00508307 -2.89688e-05  0.0419198 -0.0340753 -0.0229783  -4.34535 -0.855413  -8.75229 
             55.0988  26.9368 -16.6838  79.5144  0.650465 0.0330131   1.30168   0.260311 -0.0968539   0.402573 0.00202179 -0.0160114  0.0587536 -0.0249358 0.00260491  0.0240595   0.00238682  -0.00506021 -1.81028e-05  0.0419691  -0.034364 -0.0233386 -4.34533 -0.85599 -8.75225 
             55.1989  26.6764 -16.7302  79.6812   0.64467 0.0314045   1.30313   0.261179 -0.0959926   0.400651 0.00203604 -0.0159934  0.0587608  -0.0288171 -0.00520083   0.0185258   0.00238504  -0.00506921 -2.62893e-05  0.0419034  -0.034593 -0.0229761  -4.34538 -0.856409  -8.75218 
             55.2989  26.328 -16.707 79.9729   0.64373 0.0326626   1.30521   0.260809 -0.0967283   0.402397 0.00202911 -0.0160073  0.0587656  -0.0174363 -0.00031823   0.0169051   0.00239493  -0.00506926 -4.26321e-05  0.0418655 -0.0344608 -0.0231014  -4.34546 -0.856132  -8.75217 
             55.3994  26.3237 -16.6598  79.7509  0.644083 0.0319699   1.30493   0.259958 -0.0956442   0.402376 0.00203793 -0.0160137   0.058772 -0.00898403 -0.00299846  0.00927381    0.0023776  -0.00507289 -2.14683e-05  0.0420234 -0.0343382 -0.0230712  -4.34522 -0.855967  -8.75231 
             55.4989  26.2486 -16.5345  79.7971  0.644549 0.0307913    1.3015   0.258384 -0.0937896   0.403003 0.00204601 -0.0160224  0.0587771 -0.00403829 -0.00842498 -0.00850345   0.00237723  -0.00508036 -2.73609e-05  0.0421759 -0.0342586 -0.0227047  -4.34499 -0.855722  -8.75244 
             55.5995  26.0584 -16.5481  79.9144  0.642079 0.0311943   1.30091   0.258834 -0.0946969   0.403842 0.00205493 -0.0160257  0.0587733 -0.00262972  -0.0156264  -0.0101209   0.00237772  -0.00507802 -3.79767e-05  0.0419306 -0.0343831 -0.0225152  -4.34533 -0.855782  -8.75227 
             55.6989  26.0762 -16.6099  79.8386   0.64499 0.0296414   1.30169   0.258857 -0.0954622   0.403473 0.00205642 -0.0160245  0.0587793  0.00756549  -0.0160334 -0.00281744  0.00237924 -0.00506797 -3.6937e-05   0.042074 -0.0341406 -0.0229726  -4.34518 -0.855623  -8.75236 
             55.7995  26.3052 -16.8184  79.5162  0.648266 0.0310879   1.30518   0.259267 -0.0977435    0.40351 0.00207503 -0.0160087  0.0587643 0.0014031  0.012715 0.0137743   0.00238144  -0.00504588 -3.37364e-05  0.0421093 -0.0338109 -0.0236361  -4.34522 -0.855387  -8.75236 
             55.8989  26.4568 -16.8893  79.3752  0.645694 0.0321398   1.30277   0.258398 -0.0962347   0.404191 0.00207096 -0.0160181  0.0587636 -0.0104131  0.0109919 0.00155751     0.002373  -0.00505766 -3.60678e-05  0.0420661  -0.033989 -0.0229916  -4.34526 -0.855396  -8.75234 
              55.999  26.1422 -16.7748  79.4568  0.642623 0.0332895   1.30131   0.258453 -0.0960033    0.40404 0.00208141 -0.0160086  0.0587647 -0.00943371   0.0159697 -0.00803579   0.00238295  -0.00507131 -3.61306e-05  0.0420059 -0.0341381 -0.0226781  -4.34537 -0.855525  -8.75227 
             56.0995  26.0913 -16.7575  79.4672  0.640418 0.0369781   1.30221   0.258819 -0.0971608    0.40484 0.00208554 -0.0160134   0.058773 -0.0169847  0.0209107 0.00288029   0.00237323   -0.0050614 -4.70666e-05  0.0417848 -0.0341672 -0.0226983  -4.34565 -0.855496  -8.75214 
             56.1994  26.1839 -16.5582  79.0374  0.637186 0.0336328   1.30568   0.260661 -0.0964528    0.40115 0.00207121  -0.016034  0.0587731  -0.0317526 -0.00858246   0.0195365   0.00236932  -0.00506481 -3.52845e-05  0.0419869 -0.0343308 -0.0230499  -4.34535 -0.856106  -8.75223 
              56.299 26.1604 -16.494 78.9472  0.634812 0.0333184   1.30726   0.260397 -0.0965275   0.401633 0.00207032 -0.0160347  0.0587743  -0.0265212 -0.00671991   0.0150724  0.00236078 -0.00506372 -4.3235e-05  0.0419822 -0.0342682 -0.0230634  -4.34535 -0.855995  -8.75224 
             56.3994  26.1564 -16.6455   78.896  0.633666 0.0321851   1.30824   0.259977 -0.0963954   0.401864 0.00206286 -0.0160357  0.0587774 -0.0163524 -0.0249256  0.0163298   0.00236552  -0.00505579 -5.02854e-05  0.0420393 -0.0341756 -0.0231145  -4.34528 -0.855871  -8.75229 
             56.4991  26.1224 -16.5251  78.3751   0.63387 0.0302989   1.30693   0.258755 -0.0952952   0.402733 0.00207335 -0.0160307  0.0587676 -0.00245661  -0.0101621  0.00152194   0.00236888  -0.00506153 -4.19533e-05  0.0420597 -0.0340723 -0.0228277   -4.3452 -0.855617  -8.75235 
             56.5994  26.1039 -17.1628  78.4924  0.637197 0.0287958   1.30716   0.258669 -0.0951244   0.401894 0.00206636 -0.0160211  0.0587816   0.0234473 -0.00343787  -0.0107432   0.00236776   -0.0050303 -7.24025e-05  0.0422552 -0.0339307 -0.0231838  -4.34493 -0.855586  -8.75249 
             56.6993  26.5878 -16.8122  78.4836  0.639595 0.0273928   1.30735   0.258964 -0.0954248   0.401748 0.00206038 -0.0160149  0.0587831    0.011555  -0.0301468 -0.00641667   0.00234096  -0.00506843 -4.53773e-05  0.0421961 -0.0338965 -0.0232983  -4.34497 -0.855591  -8.75247 
             56.7994  27.7025 -16.3496   76.509  0.636898 0.0268827   1.30529   0.257998 -0.0959479   0.402963 0.00204089 -0.0159944  0.0587724  -0.0462624  -0.0128467 0.000870845  0.00233581 -0.00502927 2.46614e-05  0.0421073 -0.0340053 -0.0230016  -4.34518 -0.855458  -8.75238 
             56.8989   28.025 -16.2384  74.6959  0.627541 0.0269376    1.3085   0.258413 -0.0974175   0.402098 0.00196916 -0.0160039  0.0588229 -0.0758363  0.0225685   0.020041  0.00235917 -0.00500992 1.69104e-05  0.0420716 -0.0343655 -0.0230934  -4.34538 -0.855785  -8.75224 
             56.9993  27.0134 -16.5979  75.1148 0.619004 0.029908  1.31364   0.258688 -0.0980457   0.400899 0.00207473 -0.0160479  0.0589069 -0.038941  0.022329 0.0422194   0.00236984  -0.00502808 -8.38547e-05  0.0418079 -0.0346623 -0.0230919  -4.34565 -0.856054  -8.75209 
             57.0995  26.9432 -15.9451  75.0253  0.618338 0.0330787   1.31695   0.258467 -0.0979293   0.404161 0.00203468 -0.0160685  0.0589339 -0.0330819  0.0199633  0.0266251     0.002339  -0.00504543 -4.98194e-05  0.0418343 -0.0345232  -0.023242  -4.34556 -0.855734  -8.75216 
             57.1995  27.1032 -14.5931  73.2692  0.615581 0.0331213   1.31618   0.258186 -0.0975306   0.405135 0.00212213 -0.0160911  0.0589146 -0.0335577 -0.0147501 0.00414688  0.00233408 -0.00504714 1.30888e-05  0.0420171 -0.0343748 -0.0230398  -4.34545 -0.855586  -8.75223 
             57.2994  26.6918 -14.2212  73.3136  0.612367 0.0286569   1.31451   0.257977 -0.0970011    0.40432 0.00211617 -0.0160758  0.0589052 -0.0276529 -0.0465961  -0.012876   0.00233773  -0.00503671 -7.32549e-05   0.042185 -0.0343526 -0.0229284  -4.34532 -0.855645  -8.75229 
             57.3992  26.7301 -14.4649  73.4861  0.611744 0.0217173   1.31562   0.257563 -0.0974825   0.403189  0.0021067 -0.0160443   0.058926 -0.0280313 -0.0578436 0.00675077   0.00231367  -0.00500814 -8.16931e-05  0.0423619 -0.0343312 -0.0233437  -4.34513 -0.855699  -8.75238 
              57.499 26.9285 -14.762 72.6133  0.608014 0.0127205   1.31402   0.257101 -0.0955617   0.400577 0.00208007 -0.0160446  0.0590141 -0.0533626 -0.0587078  0.0114086   0.00232292  -0.00500618 -5.76304e-05  0.0426553 -0.0341801 -0.0230839   -4.3448 -0.855829  -8.75253 
             57.5995  25.9085 -15.4908  72.8147   0.596931 0.00958677    1.31587   0.258915 -0.0961501    0.40143 0.00213594 -0.0160509  0.0590874 -0.0654999 -0.0430152 0.00335755   0.00234754  -0.00500977 -0.000123364  0.0423693 -0.0344717 -0.0228344  -4.34521 -0.856051   -8.7523 
             57.6995 24.3442 -16.389 74.8891 0.596895 0.010041  1.31688 0.259519 -0.09791 0.407437  0.0020575 -0.0162958  0.0591046 -0.0108563  -0.042513 -0.0167317   0.00236429  -0.00502075 -0.000193725  0.0421155 -0.0340935 -0.0231827  -4.34539 -0.855387  -8.75228 
             57.7989  23.7753 -17.0298  75.5916   0.597887 0.00638947    1.31303   0.259128 -0.0979648   0.408347 0.00204957 -0.0162993  0.0591137  0.0122162 -0.0271845 -0.0289564   0.00233782  -0.00503186 -0.000157017  0.0421941 -0.0340342 -0.0231115  -4.34534 -0.855261  -8.75231 
             57.8994  24.4983 -17.9144  75.6846   0.599991 0.00485525    1.30915   0.258825 -0.0978449   0.409627 0.00205895 -0.0163292  0.0591819 0.00994509 0.00815551 -0.0136027  0.00229528 -0.00500374 -0.00013097   0.042431 -0.0340069 -0.0230739  -4.3452 -0.85518 -8.75239 
             58.0005  25.0208 -18.1806  75.7253    0.60173 0.00962245    1.30966   0.258475 -0.0978236   0.409045 0.00206028 -0.0162736  0.0591925 0.000647756   0.0284777 0.000658579   0.00231346  -0.00501319 -0.000123927  0.0420222 -0.0337699  -0.023109  -4.34536 -0.854946  -8.75233 
             58.0989  25.1685 -18.0909  76.1364   0.600606 0.00961136    1.31059   0.259285 -0.0969533   0.407167 0.00204147 -0.0162956  0.0591541 0.00756337  0.0194572 0.00714055  0.00232912  -0.0050448 -0.00012436  0.0421173 -0.0339027 -0.0231324 -4.34525 -0.85528 -8.75236 
             58.1993  25.0176 -17.9355   76.592   0.603053 0.00952157    1.30971   0.259067 -0.0968121   0.408294 0.00204851 -0.0162959  0.0591219   0.0289612  0.00221028 -0.00600223   0.00233269  -0.00504997 -0.000117485  0.0423677 -0.0339441 -0.0231099   -4.3451 -0.855259  -8.75244 
             58.2995  25.0161 -17.6923  76.5896 0.607678 0.009525   1.3114   0.260602 -0.0952453   0.407933 0.00204232 -0.0163038  0.0591329    0.031581 -0.00932967 -0.00201238   0.00233996  -0.00503953 -8.82789e-05   0.041971 -0.0336506 -0.0233185  -4.34509 -0.855236  -8.75244 
             58.3994  25.3811 -17.6532  76.6792   0.608681 0.00566889     1.3124   0.261738 -0.0946022    0.40665 0.00204585 -0.0163016  0.0591303 0.00915265 -0.0269082 0.00504149   0.00232258  -0.00503189 -0.000103524  0.0420162   -0.03375 -0.0233987  -4.34501 -0.855535  -8.75245 
             58.4991  25.3979 -17.6613  76.6109   0.606898 0.00150149    1.31273   0.261371 -0.0951173   0.406177 0.00203883 -0.0162992  0.0591386 -0.0162965 -0.0451079 0.00850454   0.00233861  -0.00502986 -9.07025e-05  0.0421352 -0.0339846 -0.0232745  -4.34505 -0.855683  -8.75242 
             58.5994  24.9908 -18.3826  77.6895   0.602643 0.00154794    1.31086   0.260385 -0.0963309   0.406868 0.00206667 -0.0163262  0.0591273     0.00248 -0.00093822  -0.0178075   0.00233839  -0.00502564 -0.000148968  0.0419833 -0.0342104 -0.0228444   -4.3454 -0.855613  -8.75225 
             58.6993  24.6454 -19.0161  78.9049   0.610068 0.00525963    1.30836   0.260392 -0.0962024   0.409955 0.00198341 -0.0163892   0.059132 0.0561597 0.0203521 -0.016867   0.00234642  -0.00502487 -0.000152634  0.0419015 -0.0336749 -0.0229803  -4.34535 -0.855042  -8.75233 
             58.7991  25.7726 -18.0639  76.9278   0.615339 0.00792162    1.30643  0.259949 -0.096175  0.410521   0.002017 -0.0163636  0.0591351  0.0300002  0.0156798 -0.0142606   0.00232482  -0.00502789 -3.76093e-05  0.0418552 -0.0336383 -0.0229487  -4.34537 -0.854929  -8.75233 
             58.8989  26.4559 -17.7012  76.2202   0.617303 0.00927175    1.30583   0.260556 -0.0957066   0.410101 0.00201135 -0.0163597  0.0591339 0.0112393 0.0207569 -0.009759   0.00231289  -0.00501986 -6.39134e-05  0.0417678 -0.0335784  -0.023009  -4.34535 -0.854979  -8.75234 
             59.0004  26.3484 -18.3607  77.3322   0.613622 0.00985557    1.30708   0.260715 -0.0954989   0.405368 0.00216643 -0.0163242  0.0591131 -0.00911455   0.0219133  0.00572196   0.00232436  -0.00501701 -0.000128985  0.0416044 -0.0339783 -0.0229031  -4.34548 -0.855556  -8.75222 
             59.0993 26.2429 -18.104  76.958   0.612013 0.00909851    1.30577   0.260427 -0.0954772    0.40439 0.00216463 -0.0163122  0.0590965   -0.018649  0.00996151 -0.00426592   0.00234601  -0.00503712 -8.88721e-05  0.0420105 -0.0340672 -0.0228329  -4.34527 -0.855701  -8.75231 
             59.1993   25.992 -17.9695  76.7006   0.616362 0.00680288    1.30629   0.261267 -0.0926299   0.405417 0.00218678 -0.0163554  0.0590467   0.0200457 -0.00876007 -0.00457007   0.00235129  -0.00502506 -8.41962e-05  0.0419773 -0.0336742 -0.0232259  -4.34484 -0.855541  -8.75254 
             59.2993   25.613 -18.1158  77.1329   0.619539 0.00886127    1.30541   0.261143 -0.0931838   0.406934 0.00218955 -0.0163748  0.0590488   0.0419995 -0.00452365  -0.0144421   0.00234607  -0.00502577 -0.000114113  0.0417659 -0.0335901 -0.0231602 -4.34503 -0.85533 -8.75246 
             59.3993    25.63 -17.8469  76.8641  0.622694 0.0105433   1.30317   0.260273 -0.0944109   0.407137 0.00218717 -0.0163673  0.0590476   0.0473025 -0.00224785  -0.0215474   0.00234202  -0.00502865 -9.41326e-05  0.0416593 -0.0336994 -0.0229765  -4.34527 -0.855246  -8.75235 
             59.5006  26.2186 -17.8075  76.1166   0.63027 0.0116171   1.30072 0.260056 -0.09388 0.408577 0.00221377 -0.0163573  0.0590702   0.0422839 -0.00414563  -0.0180211   0.00231658  -0.00500464 -8.20824e-05  0.0415723 -0.0334125 -0.0230668   -4.3452 -0.854946  -8.75242 
             59.6002  26.8809 -17.4883  75.3924  0.633473 0.0090173   1.29886   0.260626 -0.0931217   0.408473 0.00222132  -0.016364  0.0590817  0.0119952 -0.0152349 -0.0177143   0.00231305  -0.00501076 -7.36588e-05  0.0416862  -0.033361 -0.0231628 -4.34503 -0.85502 -8.75249 
             59.6991  26.6851 -17.9865  75.9505   0.633005 0.00592876    1.29728   0.260441 -0.0931713    0.40729 0.00223629  -0.016339  0.0590845 0.00881129 -0.0190072 -0.0140752    0.0023296  -0.00500212 -0.000124796  0.0418069 -0.0335167 -0.0231066    -4.345 -0.855192  -8.75249 
             59.7994  26.2269 -18.5721  76.5834   0.632259 0.00499904    1.29598   0.260503 -0.0936499   0.406803 0.00227584 -0.0163474  0.0590962  0.0110768 -0.0170073 -0.0139794   0.00234797  -0.00500234 -0.000147541  0.0416991 -0.0336413 -0.0229799  -4.34517 -0.855275   -8.7524 
             59.8992  26.2749 -18.4947  76.1213   0.632722 0.00205823    1.29461    0.26048 -0.0938029   0.405711 0.00227029 -0.0163526  0.0590987  0.0114155 -0.0223076 -0.0123234   0.00234745  -0.00501331 -0.000105335  0.0418072 -0.0337133 -0.0229613  -4.34513 -0.855398   -8.7524 
             59.9991  26.6396 -18.6747  75.9808    0.634332 -0.00196658     1.29343    0.26075 -0.0931415   0.405307 0.00227359 -0.0163562  0.0591045 0.00686964 -0.0335234 -0.0063356   0.00232664  -0.00501246 -0.000114678  0.0419089 -0.0336887 -0.0230335  -4.34499 -0.855471  -8.75247 
             60.1002  27.1763 -18.5786  75.8351    0.632613 -0.00467803     1.29183   0.260204 -0.0944769    0.40479 0.00227474 -0.0163711  0.0590908 -0.0126542 -0.0192299 -0.0108566   0.00230469  -0.00502806 -0.000102314  0.0420572  -0.033819 -0.0228589  -4.34511 -0.855509  -8.75241 
             60.1992 27.7714 -18.954  75.392    0.631763 -0.00571741     1.29118   0.260316 -0.0940404   0.406126 0.00227642 -0.0163706  0.0591017  -0.0295714 -0.00510079   0.0104833   0.00230756   -0.0049899 -9.24737e-05   0.042084 -0.0337037 -0.0229012  -4.34503 -0.855381  -8.75246 
             60.3003  27.6581 -18.7626  75.0529    0.627779 -0.00043618     1.29303   0.260355 -0.0949297   0.409708 0.00227432  -0.016336  0.0591293 -0.0430066  0.0175645  0.0108113  0.00233443 -0.00501814 -8.2594e-05  0.0416325 -0.0337014 -0.0227709  -4.34541 -0.855069   -8.7523 
             60.4004   27.033 -18.8544  75.7481   0.624635 0.00169939      1.297   0.260268 -0.0932036   0.409417 0.00227708 -0.0163844  0.0591583 -0.0293777  0.0111099  0.0173683   0.00233971  -0.00501478 -0.000130559  0.0411143 -0.0337676 -0.0229398  -4.34546 -0.855099  -8.75227 
             60.5003 26.4817 -18.648 75.9659   0.624771 0.00104988    1.29831   0.260565 -0.0921876   0.411114 0.00226612 -0.0163906  0.0591378 -0.00983055  -0.0117756   0.0119396   0.00234617  -0.00502713 -0.000132319  0.0411205 -0.0336195 -0.0230302  -4.34532 -0.854964  -8.75236 
             60.6003  26.5936 -18.7296   75.509      0.62639 -0.000583884      1.29934   0.260987 -0.0908034   0.412367 0.00228667 -0.0163951  0.0591482 0.00137294 -0.0052117 0.00828432    0.0023262  -0.00499009 -0.000111831  0.0410549 -0.0334396  -0.023165  -4.34515 -0.854852  -8.75245 
             60.7002  26.6622 -19.1066  75.5722     0.62776 -0.00167412     1.29999   0.261247 -0.0902627   0.412595 0.00228501 -0.0163889  0.0591692 0.00642395 0.00815018  0.0116312   0.00232111  -0.00498675 -0.000132511  0.0411677 -0.0333854 -0.0232397  -4.34501 -0.854865  -8.75252 
             60.7992  26.7429 -19.2163  75.6522   0.627877 0.00132636    1.29917   0.260549 -0.0918137   0.414188 0.00227673 -0.0164039  0.0591761 -0.00362845   0.0257064   0.0107619   0.00232694  -0.00499794 -0.000133626  0.0414288 -0.0334045 -0.0230848  -4.34507 -0.854698   -8.7525 
             60.9006  26.6216 -18.9656  75.8104 0.623961 0.001243  1.29852   0.259611 -0.0938245   0.411316 0.00228153 -0.0164048  0.0591478 -0.0193969  0.0130539 0.00062293   0.00232969  -0.00501891 -0.000128232  0.0420024 -0.0337071 -0.0229676  -4.34503 -0.854997   -8.7525 
             61.0006  26.1306 -18.8327  76.2186   0.620144 0.00221353    1.29908   0.259206 -0.0944953   0.409058 0.00229071 -0.0164068  0.0591663  -0.0149605 -0.00283219 -0.00356194   0.00234338  -0.00502609 -0.000146234  0.0419083 -0.0338581  -0.022918  -4.34517 -0.855152  -8.75241 
             61.1005  25.8625 -18.9591  76.4468    0.617264 0.000496339     1.29955   0.259124 -0.0946236   0.407216 0.00229749 -0.0164052  0.0591696 -0.0243499 -0.0145914 0.00250591    0.0023422  -0.00501933 -0.000143118  0.0419135 -0.0339911 -0.0229335  -4.34519 -0.855339  -8.75238 
             61.2001  26.0946 -19.1162  76.0987   0.615682 0.00209204    1.29854    0.25864 -0.0948903   0.409096 0.00229603 -0.0164031   0.059165   -0.027624   0.0104887 -0.00340658   0.00231123  -0.00500994 -0.000131209  0.0418659 -0.0338696 -0.0228454  -4.34524 -0.855079  -8.75238 
             61.3004   25.818 -19.3333  76.2593   0.612501 0.00392453    1.30138   0.259234 -0.0941001   0.407487 0.00231293 -0.0164067  0.0591574 -0.0260932  0.0151504 0.00895679  0.00232519 -0.00500723 -0.00014959  0.0414481 -0.0338492 -0.0229594  -4.34535 -0.855191  -8.75232 
             61.4003  25.6154 -19.2742  76.2132  0.614111 0.0035493   1.30058  0.259956 -0.092898  0.410905 0.00232063 -0.0164109  0.0591474 -0.00572697 0.000454943  0.00170622   0.00233052  -0.00500701 -0.000130904  0.0416364 -0.0335464 -0.0230537  -4.34509 -0.854934  -8.75247 
             61.5001  25.5518 -19.1422  76.0181   0.614688 0.00226403    1.29948   0.260031 -0.0928131   0.412019 0.00232613 -0.0164161  0.0591451 0.00558167 -0.0104939 -0.0056022   0.00231879  -0.00501724 -0.000143402  0.0418301 -0.0335028 -0.0230573  -4.34498 -0.854879  -8.75253 
             61.5992  25.4966 -19.0721  75.8735    0.615215 0.000733856     1.29817   0.259749 -0.0932562   0.411742 0.00232505 -0.0164168  0.0591436  0.0164885 -0.0173188 -0.0128691   0.00231723  -0.00502095 -0.000134334  0.0419348 -0.0335883  -0.023018  -4.34498 -0.854922  -8.75253 
             61.7004  25.6999 -19.0696  75.7333    0.619368 -0.00129236     1.29923   0.261413 -0.0911139   0.411891 0.00233012 -0.0164066  0.0591499   0.0288641  -0.0153927 -0.00639204    0.0023048  -0.00500628 -0.000142557  0.0415439  -0.033262 -0.0232305   -4.3449 -0.854889  -8.75257 
             61.7987  25.9526 -19.0106  75.3959    0.622569 -0.00554171     1.29844   0.262057 -0.0904361   0.412239 0.00233123 -0.0164081   0.059159   0.0247636  -0.0236355 -0.00523613     0.002306  -0.00500381 -0.000131593  0.0417326 -0.0332605 -0.0233057  -4.34473 -0.854985  -8.75264 
             61.9002  26.1505 -18.9046  75.3598    0.622572 -0.00601496     1.29725  0.260829 -0.092143  0.411295 0.00233725 -0.0164144   0.059152   0.0131862   -0.016308 -0.00505553    0.0022987  -0.00501627 -0.000146342  0.0417949 -0.0334758 -0.0231371  -4.34492 -0.855002  -8.75255 
             62.0001  26.2284 -18.7882  75.2415    0.620315 -0.00633465      1.2982   0.260256 -0.0929691   0.408662 0.00234376 -0.0164151  0.0591555 -0.00833257  -0.0150465  0.00156546   0.00230175  -0.00501152 -0.000133848   0.041608 -0.0336988 -0.0230654  -4.34513 -0.855176  -8.75243 
             62.1003  26.2924 -18.7458  75.2587    0.619264 -0.00286041     1.29812   0.259786 -0.0940626   0.410695 0.00234546 -0.0164248  0.0591574 -0.0138299  0.0109926 0.00469217   0.00230429  -0.00501441 -0.000153916  0.0413623 -0.0336282 -0.0228968  -4.34539 -0.854882  -8.75233 
             62.1993  26.3423 -18.8461  75.2576    0.618892 -0.00270952     1.29904   0.260199 -0.0930667   0.411115 0.00234345 -0.0164242  0.0591597 -0.0209531  0.0109313  0.0101283   0.00230521  -0.00500021 -0.000149204  0.0413657  -0.033521 -0.0230068  -4.34525 -0.854871   -8.7524 
             62.2991  26.2891 -18.6905  75.1647    0.615014 -0.00384052     1.30072   0.260152 -0.0929177   0.409004 0.00234111 -0.0164275  0.0591602  -0.0407722 0.000153606   0.0179566   0.00230511  -0.00500888 -0.000148545  0.0414954 -0.0336276 -0.0230602  -4.34517 -0.855084  -8.75242 
             62.4002  26.0821 -18.8078  75.4688    0.611999 -0.00372758      1.3015   0.260354 -0.0927119   0.410588 0.00232966 -0.0164272  0.0591585  -0.0454958 9.57265e-05   0.0134328   0.00230863  -0.00500855 -0.000152664  0.0415689 -0.0335052 -0.0230748   -4.3451 -0.854957  -8.75246 
             62.5003  25.6808 -19.0077  75.7813    0.607187 -0.00534453     1.30455   0.260492 -0.0918903   0.409015 0.00233724 -0.0164284  0.0591623  -0.0483906 -0.00143808   0.0217177   0.00231803  -0.00500386 -0.000172664  0.0415064 -0.0335519 -0.0231973  -4.34503 -0.855114  -8.75248 
             62.5991  25.3788 -19.1325  75.8059     0.60365 -0.00580708     1.30414   0.260374 -0.0923977   0.410946 0.00233369 -0.0164248  0.0591582   -0.040276 -0.00555702   0.0109265   0.00232154   -0.0050079 -0.000159541  0.0418031 -0.0334454 -0.0231137  -4.34493 -0.854953  -8.75255 
             62.7001  25.0681 -19.0951  75.8464    0.601331 -0.00705826     1.30498   0.260676 -0.0918741   0.411775 0.00233774 -0.0164274  0.0591567 -0.0276959 -0.0112512 0.00881706    0.0023232  -0.00501199 -0.000159286  0.0418154 -0.0333435 -0.0231584  -4.34486 -0.854894  -8.75259 
             62.8003  25.0211 -19.1532   75.962    0.598888 -0.00721479     1.30805   0.26122 -0.091012  0.411029 0.00234149 -0.0164221  0.0591517   -0.02744 -0.0116032  0.0205838  0.00230726 -0.00500418 -0.00015691  0.0414412 -0.0332335 -0.0232329  -4.34494 -0.854894  -8.75255 
             62.9001  25.1607 -19.0216  75.8233    0.596524 -0.00761636     1.30934   0.260715 -0.0914611    0.41196 0.00234465 -0.0164252   0.059159 -0.0357123 -0.0168777  0.0219826   0.00229233   -0.0050098 -0.000146792  0.0414791 -0.0332021 -0.0231776  -4.34496 -0.854762  -8.75255 
             63.0003 25.3031 -18.789 75.5848    0.591287 -0.00977965     1.31338    0.26113 -0.0911312   0.410728 0.00233783 -0.0164182  0.0591555 -0.0547598 -0.0352798  0.0313936   0.00229259  -0.00500643 -0.000145685  0.0412711  -0.033201 -0.0232331  -4.34503 -0.854851  -8.75251 
             63.1002  25.2345 -18.7663   75.621 0.586047 -0.01092   1.3136   0.259852 -0.0924859   0.412814 0.00232997 -0.0164186  0.0591529 -0.0615255  -0.036736  0.0185229   0.00229559  -0.00499604 -0.000158131  0.0413732 -0.0331878 -0.0230005  -4.34513 -0.854558  -8.75249 
             63.1991  25.4243 -18.8268  75.3612   0.580237 -0.0152061    1.31505   0.260316 -0.0918337   0.412788 0.00233368 -0.0164185  0.0591591   -0.078602  -0.0187374 -0.00191118   0.00228642  -0.00498488 -0.000141234  0.0414123 -0.0330922 -0.0231167  -4.34501 -0.854585  -8.75254 
             63.3002  25.5897 -18.9129  74.9482   0.568666 -0.0190253    1.31247   0.259605 -0.0932382   0.411369  0.0023184 -0.0164243  0.0591787 -0.0876128 -0.0197308 -0.0119933   0.00229268  -0.00498812 -0.000147593  0.0419423 -0.0334292 -0.0230038  -4.34495 -0.854831  -8.75255 
             63.3989  24.8666 -19.0109  75.3852   0.562285 -0.0215525    1.31177   0.259746 -0.0929115   0.411104 0.00232064 -0.0164313  0.0591816 -0.0446853 -0.0228093 -0.0207928   0.00232643  -0.00500815 -0.000176483   0.041858 -0.0334137 -0.0230389  -4.34496 -0.854849  -8.75255 
                63.5  24.9125 -19.4161  75.1994   0.562011 -0.0256286    1.31016   0.261205 -0.0913866   0.412381 0.00232362 -0.0164312  0.0591933 0.00909191 -0.0334679 -0.0104649   0.00229738  -0.00497747 -0.000169154  0.0418551 -0.0331801 -0.0231956  -4.34478 -0.854838  -8.75264 
             63.6002  24.7193 -19.1319  73.8989  0.565594 -0.025098   1.30594   0.258505 -0.0937369   0.413764 0.00233711 -0.0163849  0.0591785  0.0642007  0.0251642 -0.0350641   0.00230334  -0.00499291 -0.000123253  0.0421841 -0.0334471 -0.0230392  -4.34484 -0.854643  -8.75262 
                63.7  24.7917 -19.2501  72.8819   0.574054 -0.0169337    1.30798   0.262331 -0.0892318   0.406731 0.00234146 -0.0163463  0.0591465   0.111149  0.0980184 -0.0312914   0.00228561  -0.00497105 -0.000135001  0.0407943 -0.0326634  -0.023113  -4.34504 -0.854825  -8.75251 
              63.799  24.5137 -17.5957  71.4848    0.589109 -0.00712603     1.30849    0.26599 -0.0846515   0.406186 0.00229632   -0.01636  0.0591563   0.163335  0.0798848 0.00351166  0.00230384 -0.00503373 -7.9813e-05  0.0400446 -0.0321217 -0.0231297  -4.34498 -0.854883  -8.75253 
             63.9006  23.3688 -14.8511  69.6274   0.604602 0.00259189    1.30091   0.258634 -0.0934489   0.405947 0.00242228 -0.0162014  0.0592025    0.1616 0.0839087 -0.108396  0.00233617 -0.00508279 -4.5706e-05  0.0412333 -0.0330693 -0.0231115  -4.34514 -0.854713  -8.75247 
             64.0001  23.4293 -15.3399   68.589  0.622642 0.0097715    1.2861   0.261339 -0.0907672   0.410757 0.00238502 -0.0161481  0.0593097   0.14736  0.105858 -0.154816   0.00225255   -0.0049455 -0.000152798  0.0412055 -0.0327273 -0.0232435  -4.34491 -0.854652  -8.75259 
                64.1  22.9278 -14.9441  68.3684  0.637819 0.0216276   1.26916   0.261865 -0.0917054   0.412901 0.00228983 -0.0161329  0.0593577  0.112895   0.16441 -0.166048   0.00225936  -0.00498417 -0.000183791  0.0415437 -0.0325325   -0.02323  -4.34479 -0.854546  -8.75266 
                64.2    22.56 -15.2141    69.01   0.6447 0.035934   1.2551   0.261164 -0.0926435   0.412292 0.00233318 -0.0160325  0.0593516 0.0460548  0.139634 -0.111492   0.00225762  -0.00497801 -0.000247348  0.0418823 -0.0328261 -0.0234277  -4.34477 -0.854741  -8.75265 
             64.3002  20.8621 -15.6649  70.0196  0.643861 0.0515493   1.24645   0.258956 -0.0934693   0.409091 0.00244848  -0.016035  0.0594092  0.0156438   0.166046 -0.0749236   0.00230708   -0.0049712 -0.000286195  0.0418788 -0.0334018 -0.0233907  -4.34494 -0.854916  -8.75255 
              64.399   19.852 -16.3112  70.9679  0.640868 0.0667188   1.23847   0.257787 -0.0970959   0.409303 0.00244764 -0.0160052  0.0594175 -0.0037194  0.0832845 -0.0235234   0.00226432  -0.00500329 -0.000302626  0.0424103 -0.0337276 -0.0229268  -4.34508 -0.854842  -8.75249 
             64.5001  18.1173 -15.0859   70.324  0.646865 0.0702157   1.24028   0.259159 -0.0947523   0.409664 0.00246039 -0.0160726  0.0593742   0.0253373 4.96082e-05  -0.0197661    0.0023219  -0.00503189 -0.000231476  0.0418782 -0.0331886  -0.023476 -4.34497 -0.85477 -8.75255 
                64.6  18.0625 -14.7742  70.6192  0.654058 0.0686136   1.23953  0.258527 -0.095617  0.407932 0.00246376 -0.0160391   0.059456    0.035499  -0.0290059 -0.00464596   0.00223215  -0.00501376 -0.000278927  0.0419209 -0.0327799  -0.023871  -4.34483 -0.854689  -8.75262 
             64.6989  18.6721 -13.5907  70.2562  0.658983 0.0614313   1.23899   0.257215 -0.0931602   0.410562 0.00250995 -0.0161073  0.0594957  0.0565569 -0.0760297  0.0545223   0.00218564  -0.00506126 -0.000233639  0.0420166 -0.0330132 -0.0236143  -4.34465 -0.854719  -8.75271 
             64.8001  19.6089 -12.0988  71.4362  0.661678 0.0466227   1.24612   0.260318 -0.0896181   0.418253  0.0025204 -0.0160046   0.059315  0.0366224 -0.0912867  0.0385382   0.00215068   -0.0050983 -0.000280177  0.0420129 -0.0333946 -0.0234557  -4.34465 -0.854896   -8.7527 
             64.8999   21.392 -12.8153   70.431  0.664398 0.0416285   1.25346   0.269968 -0.0921169    0.41717  0.0027211 -0.0158625   0.059221  0.00193745  -0.0126202 -0.00189414  0.00213752 -0.00494846 -0.00020216  0.0420746   -0.03203 -0.0244642  -4.34477 -0.855022  -8.75262 
             64.9989  21.9942 -11.2944  68.7001  0.656835 0.0432633   1.24789   0.261725 -0.0917261   0.420944 0.00251959 -0.0157391  0.0592876 -0.0193157 -0.0364311  0.0122583   0.00217537     -0.00502 -0.000108143  0.0419437 -0.0340364 -0.0232592  -4.34504 -0.854952  -8.75249 
             65.1003  22.2188 -10.6912  68.4999   0.65531 0.0415151   1.25396   0.264011 -0.0922727   0.419773 0.00252951 -0.0157967   0.059313  -0.0378268 -0.00704837   0.0304602   0.00218306  -0.00499812 -0.000188347  0.0417687  -0.033686 -0.0237629  -4.34511 -0.854947  -8.75246 
             65.1998  23.1975 -11.3996  68.0961  0.648177 0.0476511   1.25167  0.262063 -0.092038  0.420623 0.00243159 -0.0158532   0.059253  -0.0785875   0.0378974 -0.00114827   0.00214456  -0.00494199 -0.000205731  0.0414252 -0.0339305 -0.0230694  -4.34524 -0.854713  -8.75242 
             65.2989 22.3215 -11.017 67.4894  0.639546 0.0523793   1.24845   0.261529 -0.0910509   0.421934  0.0024242 -0.0157566  0.0592469  -0.072369   0.019906 -0.0108849   0.00222088   -0.0049805 -0.000173013  0.0411984 -0.0340388 -0.0225533  -4.34528 -0.854605  -8.75241 
                65.4  21.2246 -10.8626  68.1315  0.641118 0.0493265   1.24756   0.260018 -0.0920324   0.417791 0.00229669 -0.0157999  0.0590681 -0.0134442 -0.0110424  -0.020441   0.00224118  -0.00499157 -0.000230587  0.0416319 -0.0333914 -0.0231592  -4.34491 -0.854665  -8.75259 
             65.4998  20.6904 -10.7246  67.9483 0.645333 0.043744  1.24667   0.259959 -0.0925385   0.415253 0.00227888 -0.0158206  0.0590412  0.0153362 -0.0205546 -0.0121248   0.00222183  -0.00498662 -0.000222786  0.0420367  -0.032881 -0.0236548  -4.34465 -0.854786  -8.75271 
             65.5983  20.7374 -10.5879  67.5933  0.646425 0.0451137   1.24785   0.260588 -0.0940154   0.414682 0.00226849 -0.0158056  0.0590082   0.0110965 -0.00689562 -0.00418097    0.0021857  -0.00497899 -0.000213742  0.0418827 -0.0328648 -0.0238465  -4.34476 -0.854694  -8.75266 
                65.7  20.2696 -10.7105  67.6307   0.64554 0.0438728   1.24644   0.260847 -0.0933682   0.416022  0.0022722 -0.0158043  0.0590035  0.0122246 -0.0077568   -0.02193   0.00219894  -0.00497034 -0.000243541  0.0418556 -0.0330959 -0.0236732  -4.34483 -0.854728  -8.75262 
             65.7999   20.103 -11.0907  68.1184  0.644752 0.0402593   1.24494   0.261562 -0.0923425   0.418202 0.00229142 -0.0157774  0.0589994  0.00888941  -0.0383458 -0.00390329   0.00218329  -0.00496971 -0.000268255  0.0419143 -0.0333464 -0.0235571  -4.34488 -0.854818  -8.75259 
             65.8999  20.1615 -11.1803  68.2242  0.643326 0.0376287   1.24671   0.263745 -0.0930225   0.419328 0.00229861 -0.0157711  0.0589731  0.00215431  -0.0360204 -0.00271314   0.00218251  -0.00497765 -0.000254446   0.041869 -0.0334077 -0.0237614  -4.34503 -0.854833  -8.75251 
                  66  20.1757 -11.5546  68.6253  0.646215 0.0359181   1.24789   0.263912 -0.0942607   0.417133  0.0022966 -0.0157816   0.058973  0.0231069  -0.020051 0.00557953   0.00218927  -0.00495403 -0.000268648  0.0418006 -0.0331005 -0.0239837  -4.34502 -0.854757  -8.75252 
             66.0999  20.5236 -11.7617    68.72  0.648325 0.0327364   1.24622  0.262397 -0.092952  0.418151 0.00229899 -0.0157903  0.0589811   0.0227859  -0.0128661 -0.00153189   0.00217446  -0.00497019 -0.000258105  0.0418648 -0.0333397 -0.0236751  -4.34495 -0.854798  -8.75255 
             66.1989  20.7859 -11.4503  68.0921  0.651787 0.0319131   1.24195   0.258916 -0.0922564   0.417462 0.00236018 -0.0157839  0.0589684  0.0238959 -0.0154757 -0.0115141   0.00217421  -0.00498133 -0.000217187   0.041828 -0.0335604 -0.0232446  -4.34486 -0.854735  -8.75261 
                66.3  20.9689 -11.0683  67.8633  0.655934 0.0285309   1.24293   0.260436 -0.0922149   0.417085 0.00235711  -0.015793  0.0589656   0.0191484  -0.0227681 -0.00232129   0.00218262   -0.0049869 -0.000215838  0.0418749  -0.033176 -0.0235668  -4.34478 -0.854759  -8.75264 
             66.3998  21.4345 -11.2195  67.7589   0.65812 0.0265053   1.24267   0.260515 -0.0923017   0.416763 0.00235473 -0.0157913  0.0589704   0.0112989 -0.00646471 -0.00812772   0.00215912  -0.00496672 -0.000235022   0.041896 -0.0330666 -0.0236506  -4.34475 -0.854756  -8.75266 
             66.5008  21.5226 -11.5423  67.9081  0.656193 0.0267087    1.2441    0.26185 -0.0924258   0.417766 0.00239164 -0.0157913  0.0589765 -0.00866204   0.0148071 -0.00019734    0.0021792  -0.00495982 -0.000240116  0.0418989 -0.0332373 -0.0237694  -4.34486 -0.854823   -8.7526 
             66.5999   21.503 -11.5775  67.9696  0.654496 0.0288566   1.24469   0.262282 -0.0925543   0.417805 0.00239321 -0.0157955  0.0589801   -0.0222097    0.0261037 -0.000873683   0.00219209  -0.00496959 -0.000238766  0.0419228 -0.0332395 -0.0238793 -4.34487 -0.85485 -8.75259 
             66.6986  21.2833 -11.2764  67.6588 0.649688 0.031343  1.24511   0.262735 -0.0928573   0.418091 0.00237255 -0.0158025  0.0590017 -0.0404055  0.0171006  -0.012296   0.00220307  -0.00497941 -0.000232145  0.0419527 -0.0334025 -0.0239556  -4.34495 -0.854895  -8.75255 
             66.7998 21.1084 -11.282 67.8094  0.645201 0.0326642   1.24131   0.261811 -0.0924304   0.418454 0.00237783 -0.0157894   0.058999  -0.0262224 0.000609895  -0.0114388  0.00218485 -0.00497957 -0.00023429  0.0419608 -0.0335933 -0.0235753  -4.34497 -0.854886  -8.75254 
             66.8999  21.4966 -11.4481  68.0117  0.644079 0.0376134   1.23994  0.261027 -0.092667  0.417625 0.00238092 -0.0158289  0.0589864 -0.00736911   0.0293804 -0.00736127  0.00216137 -0.00497233 -0.00024579  0.0415894 -0.0335719 -0.0234291  -4.34504 -0.854714  -8.75252 
             66.9998   21.432 -11.5577  67.2977  0.646027 0.0392769   1.24082   0.261465 -0.0926127   0.416781 0.00241064 -0.0158422  0.0589837 0.00905117  0.0289746 0.00892437  0.00218604 -0.00495533 -0.00021689  0.0416577  -0.033272 -0.0236478  -4.34494 -0.854739  -8.75257 
             67.0998  21.4341 -11.2878  67.4344  0.648111 0.0415732   1.24325   0.262543 -0.0928556   0.416513 0.00240071 -0.0158443  0.0589868 0.0151423 0.0146496 0.0116001  0.00217999 -0.00497684 -0.00024775  0.0416595 -0.0330789 -0.0239086  -4.34492 -0.854753  -8.75257 
             67.1999  21.5382 -10.8572  67.7333  0.650001 0.0426243   1.24231   0.261255 -0.0929154   0.416313   0.002412 -0.0158501  0.0589923   0.0172746  0.00170095 -0.00425554    0.0021723  -0.00499421 -0.000244417  0.0416598 -0.0331492 -0.0237196   -4.3449 -0.854708  -8.75259 
             67.3001  21.8499 -10.8962  67.6812  0.652169 0.0458923   1.24123   0.260325 -0.0937171   0.415497 0.00240934 -0.0158611  0.0589843   0.0167265   0.0147079 -0.00429204   0.00216593  -0.00495498 -0.000233852  0.0414764 -0.0331665 -0.0236251  -4.34495 -0.854583  -8.75258 
             67.3999  22.1095 -10.9812   67.385  0.650994 0.0423073   1.24238   0.262419 -0.0929796   0.417442 0.00242026 -0.0158781  0.0590276 0.00389177 0.00478743 0.00435783   0.00217751  -0.00495155 -0.000221194  0.0419115 -0.0332648 -0.0238152  -4.34493 -0.854832  -8.75256 
             67.4999 22.3231 -10.827 67.2266 0.650242 0.040963  1.24317      0.263 -0.0927875   0.417781  0.0024186 -0.0158834  0.0590309 -0.00829084  -0.0108415  0.00554888   0.00217213  -0.00496999 -0.000221675  0.0420481 -0.0333029 -0.0238893  -4.34493 -0.854917  -8.75255 
             67.5996  22.3721 -10.6421  67.2463  0.647182 0.0367803   1.24061   0.262428 -0.0911288   0.417869 0.00242419 -0.0158722  0.0590162  -0.0188182   -0.024991 -0.00762914   0.00217523  -0.00498535 -0.000232301  0.0421713 -0.0334162 -0.0234624  -4.34488 -0.855026  -8.75257 
             67.6998   22.178 -10.8389  67.2895  0.645977 0.0345305   1.24073    0.26249 -0.0915933   0.417734 0.00242548 -0.0158797  0.0590137  -0.0126691  -0.0239611 -0.00303832   0.00219128  -0.00496841 -0.000243979  0.0421673 -0.0333686 -0.0235898  -4.34488 -0.855005  -8.75257 
             67.7999  22.0074 -10.9719  67.5065  0.648551 0.0322044   1.24166   0.261997 -0.0926843   0.416278 0.00241342  -0.015895  0.0590045  0.0018234 -0.0201459 0.00207328   0.00218379  -0.00496794 -0.000236779  0.0422453 -0.0330783 -0.0239406  -4.34477 -0.854966  -8.75263 
             67.8998  21.9464 -11.0343  67.7482  0.650262 0.0323786   1.24067   0.261287 -0.0930874   0.415971 0.00241217 -0.0159051  0.0590076 0.00789591 -0.0169508 -0.0035031   0.00218792   -0.0049731 -0.000240265  0.0421029 -0.0330133   -0.02386  -4.34477 -0.854854  -8.75264 
             67.9997  21.9388 -11.0503  67.8892  0.649693 0.0333073   1.24161   0.261847 -0.0937588   0.416627 0.00241126  -0.015905   0.059005   0.00260856 -0.000486585 -5.29265e-05   0.0021809 -0.00497478 -0.00023369  0.0419789  -0.033144 -0.0239189  -4.34488 -0.854804  -8.75259 
             68.0998  21.9151 -11.1814  68.0062  0.646009 0.0356222   1.24133   0.262387 -0.0935641   0.418275  0.0024093 -0.0159035  0.0589974 -0.00813535   0.0116563 -0.00169061   0.00217449  -0.00497507 -0.000247188  0.0418363  -0.033538 -0.0236459  -4.34506 -0.854795   -8.7525 
             68.1998 21.9243 -11.189 68.0188  0.648569 0.0365762   1.23985    0.26141 -0.0935714   0.417161 0.00241765 -0.0159026   0.058998  0.00592135  0.00604442 -0.00704656  0.00217776 -0.00498336 -0.00023747  0.0418176 -0.0332873 -0.0236548  -4.34495 -0.854733  -8.75256 
             68.2998  22.0765 -11.1261  67.8837  0.647661 0.0363921   1.24099   0.262547 -0.0937849   0.417723 0.00240838 -0.0159034   0.058996 -0.00190267   0.0010204  -0.0020177   0.00218543  -0.00498283 -0.000226753  0.0418918 -0.0333526 -0.0238425  -4.34499 -0.854801  -8.75253 
             68.3996  22.2148 -11.1862  67.8124  0.648055 0.0375742   1.24243   0.262962 -0.0945553   0.417487 0.00240882    -0.0159   0.058995 -0.00280934  0.00441756  0.00417355   0.00217347  -0.00496448 -0.000222204  0.0418323 -0.0332695 -0.0240658 -4.34501 -0.85476 -8.75253 
             68.4998  22.2407 -11.2504  67.7962  0.649619 0.0395611   1.24385   0.262746 -0.0953084    0.41674 0.00240799 -0.0159027  0.0589927 0.000224545    0.013696  0.00976395   0.00218081  -0.00496451 -0.000230385  0.0417461 -0.0330859 -0.0242409  -4.34499 -0.854677  -8.75255 
             68.5997  22.1506 -11.3491   67.888  0.648172 0.0365306   1.24291   0.262522 -0.0937098   0.416685 0.00240539 -0.0158862  0.0589901  -0.0011013 -0.00384766  0.00416531   0.00218578  -0.00497035 -0.000232232  0.0419945 -0.0331632 -0.0239913  -4.34491 -0.854843  -8.75257 
             68.6997  22.0594 -11.3375  67.9993  0.649612 0.0337884   1.24055   0.261513 -0.0926954   0.415955  0.0024038 -0.0158779  0.0589783  0.00758687  -0.0129076 -0.00577593   0.00218967  -0.00497717 -0.000232581   0.042108 -0.0330394  -0.023772  -4.34478 -0.854879  -8.75263 
             68.7998 22.1782  -11.35 67.9622  0.652647 0.0311054   1.24061   0.261451 -0.0928238   0.415166 0.00240373 -0.0158785  0.0589845   0.0127741  -0.0176512 -0.00166703   0.00218815  -0.00497025 -0.000233027  0.0422076 -0.0328099  -0.023997  -4.34468 -0.854897  -8.75268 
             68.8997 22.1818 -11.276 67.8714  0.653945 0.0322335   1.24067   0.261216 -0.0934806   0.415219 0.00240204 -0.0158723  0.0589864   0.0083414 -0.00339954 -0.00366858    0.0021926  -0.00496747 -0.000225615  0.0420386 -0.0328346 -0.0239934  -4.34473 -0.854798  -8.75266 
             68.9998  22.1279 -11.4001  67.9898  0.652992 0.0360193   1.24207   0.261962 -0.0945395   0.416173 0.00241169 -0.0158808  0.0589841 0.00260827 0.00532286 0.00212939   0.00219123  -0.00495845 -0.000246613  0.0417745 -0.0330407  -0.024048  -4.34492 -0.854698  -8.75258 
             69.0997   22.098 -11.4111    67.97  0.650955 0.0338353   1.24107   0.262187 -0.0935331   0.416656 0.00241169 -0.0158782  0.0589853 -0.00160017   0.0034149 -0.00434861   0.00219193  -0.00496523 -0.000238611  0.0419846 -0.0332078 -0.0238592  -4.34491 -0.854839  -8.75257 
             69.1998  22.1293 -11.5316  67.9695  0.650096 0.0342209   1.24143   0.262553 -0.0936325   0.416935 0.00241284 -0.0158779  0.0589848 -0.00419479 -0.00040037  0.00167956   0.00218667  -0.00496715 -0.000234498  0.0419861 -0.0332736 -0.0239017  -4.34494 -0.854857  -8.75255 
             69.2998  22.1758 -11.4516  67.9031  0.648896 0.0332493   1.24087   0.262447 -0.0933314   0.417043 0.00241384  -0.015879  0.0589831  -0.0125794 -0.00915293 -0.00161567  0.00217935 -0.00497362 -0.00024366  0.0420372 -0.0333084 -0.0238194  -4.34493 -0.854884  -8.75255 
             69.3997 22.1044 -11.543 67.8284  0.648715 0.0309925    1.2408   0.262389 -0.0932385   0.416636 0.00241506 -0.0158809  0.0589819 -0.00772962  -0.0138378 -0.00189187   0.00218774  -0.00496953 -0.000238043  0.0421043  -0.033187 -0.0238997  -4.34487 -0.854902  -8.75258 
             69.4997  22.0168 -11.8261  67.8109  0.648527 0.0290302   1.24259   0.263125 -0.0935797   0.416507  0.0024226 -0.0158848  0.0589857 0.000741531 -0.00682765  0.00515002   0.00219019  -0.00495623 -0.000251368  0.0421853 -0.0331203 -0.0241676  -4.34486 -0.854952  -8.75258 
             69.5996  21.9543 -11.8759  67.9123  0.650833 0.0294618   1.24052   0.261898 -0.0933556   0.416123  0.0024204 -0.0158852  0.0589861   0.0158951  0.00260347 -0.00228637   0.00219297    -0.004976 -0.000252313  0.0421546 -0.0330203 -0.0239397   -4.3448 -0.854878  -8.75262 
             69.6996   22.071 -11.7177  68.0148 0.649837 0.033618  1.24196  0.262413 -0.094163  0.416094 0.00242305 -0.0158868   0.058986 0.00764723  0.0171749  0.0016667   0.00217508  -0.00497299 -0.000254071  0.0419112 -0.0332602 -0.0239451  -4.34497 -0.854828  -8.75254 
             69.7998  22.2039 -11.5181  67.9764   0.65105 0.0322113   1.24065    0.26207 -0.0935271   0.416252 0.00243017 -0.0158926  0.0589807  0.00197413 -0.00425145  -0.0046554   0.00218245  -0.00498604 -0.000237701  0.0420865 -0.0331867 -0.0238634  -4.34488 -0.854879  -8.75258 
             69.8997  22.423 -11.315 67.4664  0.651519 0.0315533   1.24238   0.262716 -0.0938453   0.416035 0.00242873 -0.0158873   0.058983 -0.00571158 -0.00757117  0.00436192   0.00217975   -0.0049642 -0.000213798  0.0420514 -0.0330804 -0.0241183  -4.34488 -0.854881  -8.75258 
             69.9998  22.4015 -11.4113  67.2548  0.648832 0.0319169   1.24052   0.262253 -0.0933533   0.416922  0.0024156 -0.0158784  0.0589825 -0.00916574  -0.0101722 -0.00717298   0.00218125  -0.00496442 -0.000235194   0.041932 -0.0333165  -0.023721  -4.34496 -0.854836  -8.75255 
             70.0996  22.3654 -11.6976  67.2477  0.651782 0.0325688   1.24036  0.262009 -0.094094  0.416027 0.00241137 -0.0158911  0.0589687   0.0190907  0.00847025 -0.00917901  0.00219555 -0.00495796 -0.00025054  0.0418768  -0.033068 -0.0239665   -4.3449 -0.854769  -8.75258 
             70.1997  22.4513 -11.6412  66.5054  0.655285 0.0330953   1.24021    0.26233 -0.0941218    0.41565  0.0024199 -0.0159008  0.0589689   0.0352019   0.0266626 -0.00908463   0.00218669  -0.00495504 -0.000221667   0.041958 -0.0329488 -0.0241388  -4.34485 -0.854809   -8.7526 
             70.2996  22.8111 -11.3815  66.1305  0.658768 0.0374224   1.23682   0.261284 -0.0944129   0.415858 0.00243519 -0.0159125  0.0589784   0.0302984   0.0326392 -0.00918012  0.00216816 -0.00496759 -0.00022754  0.0419653 -0.0329885 -0.0238331  -4.34485 -0.854735  -8.75261 
             70.3998 23.0181 -11.002 66.2109  0.658531 0.0428529   1.23753   0.261805 -0.0947368   0.415335 0.00245683 -0.0159204  0.0589733   0.0120513    0.031003 -0.00645669   0.00216354  -0.00498853 -0.000238551  0.0417756 -0.0332432 -0.0238304    -4.345 -0.854734  -8.75254 
             70.4997   23.259 -10.7863   66.114  0.657342 0.0396419   1.23776    0.26203 -0.0936029   0.414195 0.00245475 -0.0158968  0.0589522 -0.00989615  0.00448087  0.00292275   0.00217231  -0.00497719 -0.000223966  0.0421576 -0.0332731  -0.023931  -4.34493 -0.854978  -8.75255 
             70.5996  23.4585 -10.5936  65.5604  0.658274 0.0373789   1.23948   0.261597 -0.0936776    0.41272 0.00247134 -0.0159091  0.0589538 -0.00605284 -0.00905486  0.00976029   0.00216963   -0.0049679 -0.000207602  0.0423069 -0.0330612 -0.0242512  -4.34481 -0.855054   -8.7526 
             70.6997  23.2035 -10.6005  65.8331  0.65972 0.039428   1.2423   0.261715 -0.0947363   0.414236 0.00247628 -0.0159396  0.0589549  0.00976664 -0.00924988   0.0180826   0.00217905  -0.00495543 -0.000238002  0.0421015  -0.033116 -0.0244559  -4.34486 -0.854916  -8.75259 
             70.7996  23.0966 -10.4832  66.0389  0.661041 0.0384616   1.24451   0.261774 -0.0949926   0.414334  0.0024779 -0.0159421  0.0589565  0.0179707 -0.0101487  0.0133166   0.00217841  -0.00496357 -0.000249095  0.0421218 -0.0331608 -0.0245542  -4.34487 -0.854924  -8.75258 
             70.8996  23.2229 -10.4907   66.154  0.663499 0.0359155    1.2411   0.261116 -0.0934642   0.413326 0.00247032 -0.0159441  0.0589683   0.0220634  -0.0176306 -0.00809223    0.0021708  -0.00496522 -0.000246932  0.0421169 -0.0329499 -0.0240617  -4.34479 -0.854937  -8.75262 
             70.9997  23.3843 -10.4433  66.2679   0.66414 0.0359814   1.23845   0.261145 -0.0928774   0.414111 0.00247278 -0.0159535  0.0589628   0.0168896  -0.0180174 -0.00912585   0.00217092  -0.00496367 -0.000237348  0.0419265 -0.0330319 -0.0236661 -4.34486 -0.85486 -8.75259 
             71.0997  23.4342 -10.5018  66.5041 0.666542 0.032901  1.23559  0.260718 -0.092324  0.413297 0.00246919 -0.0159519  0.0589648  0.0179787 -0.0189334 -0.0244162   0.00218329  -0.00497229 -0.000235025  0.0419878 -0.0328949 -0.0235487 -4.34479 -0.85489 -8.75262 
             71.1997  23.6743 -10.6181  66.5372  0.666767 0.0306844   1.23535   0.261155 -0.0926124   0.413738 0.00247014 -0.0159495  0.0589624  0.00630434  -0.0173391 -0.00643998   0.00217824  -0.00496534 -0.000239253  0.0420371 -0.0330377 -0.0236793  -4.34484 -0.854925   -8.7526 
             71.2997  23.8305 -10.6263  66.5451  0.665303 0.0282109   1.23461   0.261569 -0.0921737   0.413701  0.0024673 -0.0159534  0.0589636 -0.0017968 -0.0184298  -0.012713   0.00217103  -0.00497975 -0.000227734   0.042115 -0.0331331  -0.023599  -4.34487 -0.854995  -8.75258 
             71.3996  23.7925 -10.6046  66.7556  0.667881 0.0271919   1.23858   0.260809 -0.0946472   0.414365 0.00245471 -0.0159664  0.0589781 -0.00191274  -0.0259538  0.00317346  0.00218012 -0.00497006 -0.00024353  0.0421368 -0.0332878  -0.024431  -4.34486 -0.854928  -8.75259 
             71.4996 23.9533 -10.652 66.5566 0.667189 0.027204  1.23885   0.261009 -0.0947629   0.415537 0.00245085 -0.0159586  0.0589755  -0.0131982 -0.00473033  0.00735719   0.00217212  -0.00495994 -0.000229861  0.0419742 -0.0333497 -0.0243517  -4.34491 -0.854845  -8.75257 
             71.5985   23.974 -11.0051  66.7261  0.666903 0.0291583   1.23733   0.260988 -0.0942185   0.415629 0.00243611 -0.0159616  0.0589698   -0.0115386    0.0166814 -0.000735189   0.00219166  -0.00495573 -0.000238794  0.0418348 -0.0331408 -0.0241068  -4.34488 -0.854763  -8.75259 
             71.6996   23.723 -11.1464  67.0124 0.66693 0.03119 1.24005   0.260497 -0.0952151    0.41619 0.00243574  -0.015978  0.0589761 -0.00785186   0.0117611  0.00322956   0.00219125  -0.00494892 -0.000246424  0.0418005 -0.0332922 -0.0245113  -4.34489 -0.854732  -8.75259 
             71.7996  23.6678 -11.3391  66.9135  0.664573 0.0296234   1.23523   0.261036 -0.0937114   0.414647 0.00243794 -0.0159784  0.0589759 -0.0112902 0.00263516 -0.0125686  0.00218698 -0.00495662 -0.00024034  0.0419853 -0.0330118 -0.0239001  -4.34484 -0.854822  -8.75261 
             71.8997  23.6819 -11.4751  66.4695  0.663954 0.0290597    1.2352   0.260994 -0.0937844   0.413982 0.00244172 -0.0159888  0.0589796 -0.00446258  0.00511493 -0.00167233   0.00218492  -0.00495209 -0.000226327  0.0421009 -0.0330047  -0.024066  -4.34481 -0.854888  -8.75262 
             71.9996  23.6201 -11.4584  66.5459   0.66273 0.0293729   1.23571   0.261236 -0.0938206   0.414082  0.0024416 -0.0159885   0.058978  -0.0053722 -0.00826353  0.00345499   0.00218313   -0.0049682 -0.000243078   0.042092 -0.0331034 -0.0240635  -4.34485 -0.854906  -8.75259 
             72.0995  23.5605 -11.3691    66.39  0.661685 0.0283376   1.23759   0.261398 -0.0940615    0.41413  0.0024356 -0.0159872  0.0589815 -0.0172165 -0.0184228 0.00671532    0.0021834  -0.00495498 -0.000230399  0.0420584 -0.0331615 -0.0242441  -4.34486 -0.854915  -8.75259 
             72.1996  23.3449 -11.5206  66.3086  0.659588 0.0262814   1.23755   0.261461 -0.0940426   0.414447 0.00243525 -0.0159858  0.0589811  -0.015983 -0.0332872  0.0019421   0.00219353  -0.00494887 -0.000239284  0.0420126 -0.0331853 -0.0241382  -4.34489 -0.854888  -8.75258 
             72.2995 23.2157 -11.896 66.3261  0.656414 0.0210944   1.23405   0.261501 -0.0927108   0.413847 0.00242395  -0.015969  0.0589969 -0.0100559 -0.0264883 -0.0144352   0.00218617  -0.00496452 -0.000248454  0.0421999 -0.0331727 -0.0237228  -4.34486 -0.854984  -8.75258 
             72.3996  23.2627 -12.1148  65.8767  0.658023 0.0221455    1.2364   0.261505 -0.0935999   0.414473 0.00242784 -0.0159525  0.0589756    0.012045 -0.00770944  0.00148974   0.00218888  -0.00495031 -0.000246157    0.04188 -0.0332254 -0.0240463  -4.34491 -0.854871  -8.75257 
             72.4995  23.4184 -12.2233  66.0102  0.662043 0.0200931    1.2389   0.261697 -0.0934588   0.414305 0.00241614  -0.015939  0.0589861  0.0247294 -0.0244989 0.00425664   0.00217832  -0.00495412 -0.000256892  0.0417551 -0.0330795 -0.0244434  -4.34485 -0.854871  -8.75259 
             72.5994  23.7533 -12.2165  65.8466  0.664954 0.0187812   1.23466  0.260812 -0.094324  0.415069 0.00243188  -0.015965  0.0589991  0.0268495 -0.0266088 -0.0125756   0.00218046  -0.00496055 -0.000250229  0.0418882 -0.0330355 -0.0240042 -4.34485 -0.85476 -8.75261 
             72.6996  24.3167 -12.4729  65.4495  0.667122 0.0152461   1.23287   0.260899 -0.0941522   0.414816 0.00243294 -0.0159682   0.059004  0.0297995  -0.019626 -0.0172857   0.00216438  -0.00495038 -0.000239209  0.0420222 -0.0330387 -0.0240135  -4.34483 -0.854819  -8.75261 
             72.7996  24.6058 -12.6324  65.1618   0.66846 0.0131202   1.23088  0.260903 -0.094383  0.414456 0.00242927 -0.0159714   0.059006  0.0301829 -0.0148885 -0.0142647   0.00217142  -0.00494971 -0.000244827  0.0421599 -0.0331628 -0.0239193  -4.34487 -0.854866  -8.75259 
             72.8996  24.9274 -12.6812   65.168   0.674205 0.00983326    1.23135   0.260715 -0.0934882   0.414217 0.00241758 -0.0159675  0.0590051   0.0473548  -0.0255887 -0.00555066  0.00216918 -0.00495924 -0.00025339  0.0420885 -0.0330442 -0.0242049  -4.34478 -0.854911  -8.75263 
             72.9994  25.0354 -12.5428  65.1864   0.680258 0.00628096    1.23394   0.260531 -0.0927785   0.414385 0.00240702 -0.0159754   0.059016  0.0601143 -0.0517277  0.0178213   0.00217528  -0.00495424 -0.000248335  0.0418392 -0.0331002 -0.0244217  -4.34477 -0.854904  -8.75263 
             73.0996  25.0131 -12.4852  65.2497    0.687319 -0.00126884     1.23508   0.260473 -0.0929402   0.415189 0.00240657 -0.0159686  0.0590012 0.0543754 -0.101769 0.0559589   0.00218951  -0.00494889 -0.000230977  0.0419274 -0.0328989 -0.0242945  -4.34471 -0.854845  -8.75267 
             73.1996  24.0776 -12.5093  65.6407    0.688048 -0.00860796     1.23601   0.262224 -0.0930661   0.416096  0.0024276 -0.0158771  0.0590407  0.0544104 -0.0866715  0.0374223   0.00222477  -0.00497015 -0.000257944  0.0420272 -0.0329126 -0.0235696  -4.34486 -0.854789   -8.7526 
             73.2994  22.7625 -12.7768  67.9196   0.697622 -0.0124418    1.24256   0.263171 -0.0952096   0.417758 0.00246898 -0.0160451  0.0591075    0.11955 -0.0610777  0.0403682   0.00222925  -0.00498331 -0.000343009  0.0418687 -0.0329777 -0.0240003 -4.34495 -0.85468 -8.75257 
             73.3995 22.9992  -11.99 67.7087    0.71165 -0.0194723    1.24623   0.262985 -0.0948167   0.417743 0.00249185 -0.0160619  0.0591114   0.142072 -0.0495741  0.0533309   0.00217875  -0.00500081 -0.000237624  0.0419316 -0.0329145 -0.0239331  -4.34491 -0.854692  -8.75258 
             73.4995  23.9617 -12.0989  66.4664  0.728087 -0.025059   1.25572   0.264706 -0.0931025   0.417916 0.00253627 -0.0160491  0.0591315   0.17845 -0.039412  0.103453   0.00215305   -0.0049394 -0.000196441  0.0417773 -0.0327152 -0.0241564  -4.34487 -0.854768   -8.7526 
             73.5995   23.731 -12.1772  67.4604   0.745943 -0.0277095    1.27023   0.265442 -0.0934063   0.416602 0.00256485 -0.0160637    0.05912   0.188978 -0.0453432   0.163496   0.00217768  -0.00497106 -0.000282068  0.0415914 -0.0326834 -0.0242261  -4.34494 -0.854768  -8.75256 
             73.6995  23.0437 -12.4732  68.2378   0.765721 -0.0369994    1.28875    0.26463 -0.0914423   0.417375 0.00253584 -0.0160236  0.0590984   0.190554 -0.0837887   0.219358   0.00221945  -0.00497517 -0.000290335  0.0416325  -0.032728 -0.0241442  -4.34484 -0.854823  -8.75261 
             73.7994  21.1556 -12.6533  67.0179   0.783669 -0.0454329    1.31206   0.265668 -0.0892292   0.416786 0.00253119 -0.0160926  0.0591563   0.214822 -0.0393113   0.250695   0.00227795  -0.00495407 -0.000223485  0.0415992 -0.0326435  -0.023963  -4.34482 -0.854925  -8.75261 
             73.8994  19.7577 -11.8174   68.754   0.812233 -0.0475295    1.33597  0.263788 -0.091046  0.417388 0.00253175 -0.0161029  0.0591777  0.321739 -0.022236  0.232939   0.00222873  -0.00504788 -0.000328282  0.0417839 -0.0327133 -0.0239456  -4.34478 -0.854827  -8.75263 
             73.9994  20.3537 -9.44109  69.6362   0.851229 -0.0462715    1.35253  0.263007 -0.094831  0.417377 0.00236616 -0.0160436  0.0595198    0.301651 -0.00660668  0.00895663   0.00215979  -0.00508629 -0.000278012  0.0419094  -0.032438 -0.0247041  -4.34472 -0.854655  -8.75268 
             74.0994  22.9899 -6.63757  64.4898    0.86342 -0.0511344    1.33304    0.26184 -0.0960507   0.422777 0.00258143 -0.0168837   0.059561 0.0558291 0.0139388 -0.275088   0.00207416  -0.00502244 -3.66018e-05  0.0429272 -0.0329155 -0.0241276 -4.34473 -0.85473 -8.75267 
             74.1995 22.8617  -8.594 59.4375   0.861226 -0.0537146    1.31586  0.249199 -0.112437  0.431995 0.00276438  -0.017044  0.0599285 0.00635486 -0.0883086  -0.219318   0.00212183  -0.00476293 -7.59923e-05  0.0453487 -0.0363903 -0.0263576  -4.34511 -0.854726  -8.75248 
             74.2994  25.0237 -12.1584  57.4815    0.86692 -0.0572068    1.28793   0.263683 -0.0866271   0.431732 0.00194025 -0.0174616  0.0597705  0.0679494 -0.0462028  -0.182659   0.00202318   -0.0047121 -0.000243315   0.041165 -0.0337368 -0.0233971  -4.34497 -0.854389  -8.75258 
             74.3995  29.3301 -11.9485  53.8879    0.86364 -0.0559589     1.2657   0.268889 -0.0795117   0.434559 0.00197184 -0.0181037  0.0597798    0.02432  0.0162441 -0.0891759    0.0019472  -0.00487181 -0.000129228  0.0404896 -0.0333532  -0.021424  -4.34519 -0.854189  -8.75249 
             74.4995  28.9269 -7.20102  50.2598   0.865671 -0.0482277    1.27197   0.259918 -0.0835024   0.441437 0.000935636   -0.018144   0.0605592 -0.0288225  0.0364258  0.0456425  0.00209089 -0.00497783  1.4314e-05  0.0406579  -0.035757 -0.0228396  -4.34517 -0.853989  -8.75253 
             74.5995  27.9848 -6.32503  52.9354   0.869091 -0.0484162    1.28941   0.234745 -0.0822013   0.445294 0.000121406  -0.0185732   0.0607805 -0.0146739 0.00451013   0.116155   0.00206955  -0.00494114 -0.000280576  0.0401432 -0.0398425 -0.0243011  -4.34497 -0.854092  -8.75261 
             74.7013  27.5668 -8.61947   58.491  0.867268 -0.049527   1.29692   0.238886 -0.0823458   0.443787 -5.3594e-05  -0.0184011   0.0607653 -0.0183221 -0.0251514  0.0777316   0.00207659  -0.00490283 -0.000469493  0.0403151 -0.0389389 -0.0240012  -4.34497 -0.854104  -8.75261 
             74.7993  27.3834 -9.30289  61.5922   0.864479 -0.0554079    1.29703   0.244138 -0.0817394     0.4416 -0.000261727   -0.0182975    0.0608061 -0.0646049 -0.0610434  0.0246214  0.00210431 -0.00493082 -0.00038271  0.0403843 -0.0374956 -0.0234743  -4.34494 -0.854141  -8.75263 
             74.8994  26.9015 -9.95365  62.4733   0.858998 -0.0636226    1.29957   0.244049 -0.0808627   0.439988 -0.000161986   -0.0182914    0.0607616 -0.0930078 -0.0794541  0.0607382   0.00214375   -0.0048916 -0.000278936  0.0402123 -0.0370626 -0.0233667  -4.34485 -0.854191  -8.75267 
             74.9993  26.4708 -11.3258  62.9106   0.845299 -0.0759597    1.30383   0.245984 -0.0815039   0.426994 -0.000129478   -0.0185537    0.0610079   -0.10995 -0.0585048  0.0580229  0.00215274 -0.00485884 -0.00027014  0.0409758 -0.0358551 -0.0232394  -4.34481 -0.854545  -8.75265 
             75.0994  25.7753 -12.6988  64.6202   0.833992 -0.0749929    1.30429   0.253288 -0.0786734   0.432802 -0.00021572  -0.0185439   0.0610146 -0.0665031 0.00975448  0.0242197   0.00216513  -0.00489293 -0.000329092  0.0404026  -0.035136 -0.0223294 -4.34497 -0.85429  -8.7526 
             75.1994  25.5034 -12.8877  66.1211   0.82641 -0.068859   1.30115   0.258478 -0.0796468   0.437461 -0.00015407  -0.0185847   0.0610699 -0.0713623  0.0336611  -0.012259   0.00216274  -0.00496573 -0.000304978  0.0403213 -0.0345304  -0.021649  -4.34512 -0.854035  -8.75255 
             75.2993  25.5114 -12.6023   65.834   0.824791 -0.0642763    1.30578   0.256022 -0.0744503   0.442151 -0.000205403    -0.018365    0.0611387  -0.0582894    0.010713 -0.00497816   0.00215645  -0.00494606 -0.000216202  0.0389009 -0.0351834 -0.0221183  -4.34506 -0.853883  -8.75259 
             75.3993  25.3557 -13.2686  66.4385   0.821716 -0.0663733    1.31296   0.254775 -0.0704068   0.440445 -0.000176321   -0.0183258    0.0611446 -0.0327557 -0.0116556  0.0233527   0.00215892  -0.00491619 -0.000259403  0.0382102 -0.0355227 -0.0227889  -4.34497 -0.854063  -8.75262 
             75.4994 25.2974   -14.1 67.3462    0.82114 -0.0671233    1.31557   0.255071 -0.0702853    0.44126 -0.000199561   -0.0183348     0.061151 0.00478536 -0.0130526  0.0506675   0.00215845  -0.00490732 -0.000282989  0.0381491 -0.0353253 -0.0227233  -4.34494 -0.853984  -8.75264 
             75.5997  24.5819 -14.1897  67.0021   0.821705 -0.0729042    1.31931   0.255279 -0.0701713   0.439893 -0.000186254   -0.0183939    0.0611437  0.0209315 -0.0324334  0.0451276   0.00221841  -0.00492929 -0.000236004  0.0386238  -0.035198 -0.0226765  -4.34486 -0.854121  -8.75267 
             75.6992  24.3255 -13.6146  67.1393   0.826726 -0.0751957      1.327   0.255573 -0.0693829   0.440181 -0.000210662   -0.0183815     0.061171  0.0344365 -0.0264905  0.0620248   0.00219072  -0.00495021 -0.000225558   0.038271 -0.0351017 -0.0229963  -4.34483 -0.854089  -8.75268 
             75.7994  23.7206 -13.0892  66.9371   0.829228 -0.0784863    1.32846   0.254572 -0.0709545   0.440698 -0.00017103  -0.0183811   0.0611366  0.0582057 -0.0221929  0.0456306   0.00219762  -0.00495266 -0.000213659  0.0388356 -0.0352233 -0.0225246  -4.34484 -0.854076  -8.75268 
             75.8993   22.921 -12.8838  67.3861   0.834434 -0.0837319    1.33163   0.254782 -0.0700289   0.440627 -0.000173619   -0.0183727    0.0611271  0.0549811 -0.0378696 0.00424424   0.00220604  -0.00494928 -0.000255696  0.0389211 -0.0352039 -0.0225605  -4.34479 -0.854147   -8.7527 
             75.9993  22.6397 -12.8002  67.4888   0.836365 -0.0894863    1.32878   0.254494 -0.0705438   0.440154 -0.000164109   -0.0183628    0.0611162  0.0482855 -0.0626485 -0.0413134   0.00219009  -0.00494805 -0.000255148  0.0392411 -0.0355625 -0.0223838  -4.34485 -0.854261  -8.75266 
             76.0994  23.2626 -12.1248  67.4445   0.845633 -0.0928821      1.325   0.255187 -0.0691677   0.439203 -0.000160291   -0.0183489    0.0611787  0.0765065 -0.0546789 -0.0437155   0.00212987  -0.00496394 -0.000224706  0.0385996 -0.0350989 -0.0224294  -4.34482 -0.854121  -8.75269 
             76.1993  23.5674 -11.8641  66.7067   0.849659 -0.0967263    1.31988   0.252697 -0.0693658   0.439795 -0.000206529   -0.0183595    0.0611502  0.0686938 -0.0661269 -0.0159588   0.00214949  -0.00493621 -0.000202204  0.0385488 -0.0357625 -0.0219296  -4.34494 -0.854076  -8.75263 
             76.2995 24.1596  -11.97 65.9954  0.856879 -0.103834   1.31774  0.253161 -0.069258  0.439635 -0.000189215   -0.0183636    0.0611784  0.0540984 -0.0327546 -0.0409046   0.00212881  -0.00491471 -0.000197199  0.0387151 -0.0356046 -0.0220838 -4.34488 -0.85413 -8.75266 
             76.3994  24.7927 -12.2269  65.5781  0.861946 -0.102974   1.31821   0.253794 -0.0695771   0.439438 -0.000148067   -0.0183551    0.0611347  0.0297813  0.0157025 -0.0118126   0.00211953   -0.0048997 -0.000208287  0.0383708 -0.0356128 -0.0225114  -4.34493 -0.854097  -8.75263 
             76.4993  24.6104 -11.8057  65.4093   0.861827 -0.0990391    1.31914   0.253957 -0.0700576    0.43941 -0.000134863   -0.0183455    0.0611766 0.0302131 0.0240904 0.0333119   0.00215845  -0.00493617 -0.000210645  0.0383608 -0.0358929 -0.0223096  -4.34504 -0.854101  -8.75258 
             76.5997  24.4142 -11.3951  65.8174   0.865328 -0.0954184      1.324    0.25347 -0.0697506   0.440333 -0.000151162   -0.0183699    0.0612016  0.014957 0.0300143 0.0198826   0.00216085  -0.00493819 -0.000241064  0.0381462 -0.0360266 -0.0225129  -4.34504 -0.854058  -8.75258 
             76.6993  24.3482 -11.1676  66.0244   0.869221 -0.0981926    1.32051   0.252744 -0.0691139   0.438709 -0.000173191   -0.0183426    0.0611715   0.0222793  -0.0129125 -0.00944108   0.00216572  -0.00494238 -0.000231752  0.0385339 -0.0355462  -0.022317  -4.34486 -0.854128  -8.75266 
             76.7993  24.0631 -11.1035  66.3744  0.873431 -0.100745   1.32037   0.252427 -0.0690684   0.438656 -0.000182785   -0.0183461    0.0611679   0.026562 -0.0219796 0.00968726    0.0021757  -0.00493586 -0.000247275  0.0385227 -0.0354076 -0.0223848  -4.34481 -0.854108  -8.75269 
             76.8993   24.101 -11.5632  66.3384  0.875759 -0.107499   1.32157   0.252025 -0.0688723   0.436339 -0.00017388  -0.0183412   0.0612235 0.0165626 -0.030082 0.0141059   0.00216867  -0.00491254 -0.000235433  0.0388947 -0.0352547 -0.0225046  -4.34471 -0.854257  -8.75272 
             76.9993  24.0756 -12.0274  66.1909  0.875193 -0.106291   1.31972   0.252721 -0.0682981   0.437359 -0.000204356   -0.0183407    0.0612166 -0.00152536   0.0189672 -0.00329224   0.00216754  -0.00490807 -0.000234564  0.0387471 -0.0352345 -0.0220753  -4.34477 -0.854186   -8.7527 
             77.0993  23.7856 -11.9119  66.4141  0.876604 -0.100043   1.32601    0.25219 -0.0691936   0.438883 -0.000218577   -0.0183413    0.0612444 0.0124404 0.0490982 0.0487643   0.00218043   -0.0049332 -0.000250462  0.0384192 -0.0356086 -0.0225926  -4.34485 -0.854108  -8.75267 
             77.1993  23.4186 -11.5411  66.9405   0.878133 -0.0917338    1.33241   0.252407 -0.0696365   0.440146 -0.000213563   -0.0183476    0.0612867 0.0110696 0.0667399 0.0636478   0.00218259  -0.00494503 -0.000253863  0.0381905 -0.0356947 -0.0225953  -4.34491 -0.854011  -8.75265 
             77.2993 22.8966 -11.199 67.2763   0.875952 -0.0853258    1.33548   0.252985 -0.0701717   0.439646 -0.000193421    -0.018338    0.0612824 -0.00668243   0.0446354   0.0303605   0.00219194  -0.00495229 -0.000240547  0.0383426 -0.0357404 -0.0222672  -4.34497 -0.854036  -8.75262 
             77.3991  22.5095 -10.9482  67.7296   0.87309 -0.083296   1.33603   0.253312 -0.0700218   0.439469 -0.000185367   -0.0183351    0.0612767  -0.0120514  0.00318204 -0.00265632   0.00217582  -0.00495149 -0.000254996  0.0384138 -0.0358317 -0.0220789    -4.345 -0.854074   -8.7526 
             77.4992  22.6633 -11.3496  67.7886   0.874638 -0.0878245    1.33443   0.253152 -0.0701031   0.437882 -0.000181815   -0.0183297     0.061347 -0.00192138  -0.0169738  -0.0168856   0.00215933   -0.0049171 -0.000268395  0.0387423 -0.0354663 -0.0222569  -4.34486 -0.854152  -8.75266 
             77.5993 23.2704 -11.727 67.2701    0.87598 -0.0891711    1.33301   0.253206 -0.0702677   0.436919 -0.000166751   -0.0183323    0.0613763    0.0117599  0.000285256 -0.000252865   0.00214105  -0.00490226 -0.000238389  0.0388452 -0.0352583 -0.0223424   -4.3448 -0.854174  -8.75269 
             77.6991  23.4283 -11.5826    67.12   0.875351 -0.0905753     1.3352   0.253824 -0.0707087    0.43794 -0.000184136   -0.0183413    0.0613742 0.00868535 0.00559851  0.0148294    0.0021545  -0.00493653 -0.000228737  0.0391076 -0.0354976 -0.0224995 -4.34484 -0.85426 -8.75266 
             77.7992  23.8035 -11.5897  67.1917   0.879101 -0.0888558    1.33773   0.253766 -0.0713225    0.43756 -0.000192885   -0.0183372    0.0613877 0.0169861 0.0121893 0.0104544     0.002151   -0.0049276 -0.000240239  0.0390371 -0.0352737 -0.0228002  -4.34479 -0.854209  -8.75269 
             77.8991  23.6219 -11.0976  67.4803   0.880688 -0.0882104    1.33744   0.253614 -0.0713046    0.43772 -0.000182417   -0.0183314    0.0613834   0.0145987 -0.00417008  0.00190986   0.00216769  -0.00495908 -0.000236322  0.0390433 -0.0352689 -0.0226696  -4.34479 -0.854194  -8.75269 
             77.9992  23.6744 -11.0987  67.6239   0.879283 -0.0857016    1.33615   0.253864 -0.0714201   0.438751 -0.000172694   -0.0183288    0.0613876 -0.00514364  0.00283476 -0.00244799   0.00216978   -0.0049352 -0.000239619  0.0388433 -0.0354576 -0.0223272   -4.3449 -0.854122  -8.75264 
             78.0991   23.717 -11.2881  67.9126   0.879985 -0.0831269    1.33351 0.253515 -0.07094 0.438673 -0.000189903   -0.0183352     0.061381 -2.21281e-05    0.0234691  -0.00882066   0.00216921   -0.0049337 -0.000253907  0.0386604 -0.0352744 -0.0220332  -4.34488 -0.854033  -8.75266 
             78.1992  23.6313 -11.3198  67.7898   0.882938 -0.0802673    1.33661   0.253081 -0.0724587   0.438398 -0.000177617   -0.0183438    0.0613706 0.00947107   0.024171  0.0131077   0.00218275  -0.00491877 -0.000228345  0.0386786 -0.0352158 -0.0225961  -4.34485 -0.854001  -8.75268 
             78.2992  23.5598 -11.2075  67.8636   0.879985 -0.0809867    1.33877   0.253808 -0.0717875    0.43784 -0.000185611   -0.0183518    0.0613721 -0.00902668   0.0127985   0.0145644    0.0021768   -0.0049391 -0.000232362  0.0389465 -0.0354155 -0.0226036  -4.34487 -0.854168  -8.75266 
             78.3993  23.3549 -11.1582  68.0625   0.876133 -0.0790691    1.34031   0.254554 -0.0717061   0.438556 -0.000182494   -0.0183509    0.0613786 -0.0224654  0.0110745 0.00536428   0.00217315   -0.0049414 -0.000253927  0.0389049 -0.0356373 -0.0225289  -4.34495 -0.854195  -8.75261 
             78.4992  23.1524 -11.1257  68.3768   0.876802 -0.0782042    1.34073  0.254144 -0.072193  0.438173 -0.000189873   -0.0183558    0.0613805 -0.00310039   0.0031695 -0.00405872   0.00218249  -0.00493116 -0.000251547  0.0388832  -0.035479 -0.0226865 -4.34491 -0.85415 -8.75264 
             78.5992  23.2879 -10.9897  68.3655   0.879569 -0.0815249    1.34135   0.253926 -0.0727059   0.436901 -0.000188765   -0.0183542    0.0613928    0.0190167   -0.0205778 -0.000208674   0.00216965  -0.00492539 -0.000235907  0.0391189 -0.0352101 -0.0230103   -4.3448 -0.854192  -8.75269 
             78.6991  23.6888 -11.1677  68.4301    0.88336 -0.0852585     1.3384   0.253437 -0.0718135   0.435935 -0.000194565    -0.018359    0.0614291  0.0340582 -0.0133003 -0.0159119  0.00215342  -0.0049212 -0.00024288  0.0393139 -0.0350262 -0.0228734  -4.3447 -0.85425 -8.75273 
             78.7991  24.4386 -10.6357   68.764   0.886568 -0.0832361    1.33336   0.25252 -0.071074  0.435679 -0.000163073   -0.0184058    0.0614551  0.0321946 0.00560135 -0.0213446   0.00213501  -0.00495106 -0.000229533  0.0390139 -0.0350091 -0.0223563  -4.34473 -0.854152  -8.75272 
             78.8992  24.6179 -10.4541  68.2308   0.887209 -0.0821253     1.3338   0.253013 -0.0715328   0.436691 -0.000188133   -0.0183957    0.0614692  0.00765875 -0.00336364  0.00637523   0.00216737  -0.00492177 -0.000199732  0.0389444 -0.0352233 -0.0223741 -4.34482 -0.85414 -8.75268 
             78.9991   24.665 -10.7541  68.1132   0.885837 -0.0800481    1.33789   0.253855 -0.0731241    0.43824 -0.000169965   -0.0184107    0.0614802 -0.0138299  0.0135605  0.0159415   0.00217143  -0.00489546 -0.000233512  0.0389378 -0.0354694 -0.0227443  -4.34491 -0.854118  -8.75264 
             79.0992 24.4082 -11.034 68.4651   0.881134 -0.0819885    1.33901   0.254265 -0.0714731   0.436579 -0.00015989  -0.0183765   0.0615064 -0.0262568 0.00797965   0.015504   0.00218516  -0.00491397 -0.000244642  0.0390813 -0.0355386 -0.0225698  -4.34489 -0.854289  -8.75263 
             79.1991  23.9399 -11.0562  68.5424   0.878538 -0.0805706    1.33745   0.255024 -0.0696866   0.436486 -0.000154039   -0.0183478    0.0614946 -0.0169114  0.0118747 0.00704262   0.00219063  -0.00492411 -0.000238357   0.038876 -0.0352978 -0.0220585  -4.34489 -0.854265  -8.75264 
              79.299  23.5329 -10.9269  68.6355   0.881564 -0.0814349    1.33963  0.253447 -0.070986  0.434946 -0.000162986   -0.0183672    0.0614778 0.00318927 0.00304683 0.00298782   0.00218998   -0.0049295 -0.000230105  0.0391154 -0.0351291 -0.0226018  -4.34475 -0.854267   -8.7527 
             79.3991  23.4997 -10.8821  68.6751   0.882577 -0.0811641    1.33953   0.253284 -0.0710396   0.434887 -0.000162197   -0.0183683    0.0614817  0.00709114 -0.00813515  0.00441925   0.00218221  -0.00493093 -0.000235017  0.0390891 -0.0350862 -0.0225889  -4.34474 -0.854247  -8.75271 
             79.4992  23.5573 -10.7313    68.68   0.883078 -0.0805252    1.33815   0.252958 -0.0704275   0.434831 -0.000155537     -0.01838    0.0614858 0.00179962 0.00247583 0.00156315    0.0021727  -0.00494195 -0.000236183  0.0389202  -0.035039 -0.0222816  -4.34476 -0.854196  -8.75271 
              79.599   23.614 -10.8326  68.4755   0.881003 -0.0789246    1.33993   0.253773 -0.0709839   0.436126 -0.000158479   -0.0183753    0.0614747 -0.00962113   0.0078112  0.00491822   0.00217387  -0.00493557 -0.000233836  0.0389012   -0.03526 -0.0223956  -4.34484 -0.854201  -8.75267 
             79.6992 23.4641 -10.759  68.652   0.881826 -0.0774085    1.34145   0.253581 -0.0718544   0.435997 -0.000161415   -0.0183777    0.0614773 0.000292727   0.0125295  0.00478314   0.0021784 -0.00493267 -0.00024549  0.0388943 -0.0352023 -0.0225943  -4.34483 -0.854162  -8.75267 
             79.7991  23.4154 -10.7801  68.6996   0.882925 -0.0754672     1.3423   0.253459 -0.0724813   0.435818 -0.000162992   -0.0183792    0.0614781  0.0087394  0.0314734 -0.0060492    0.0021846  -0.00492721 -0.000249198  0.0389197 -0.0351598 -0.0227611  -4.34482 -0.854145  -8.75268 
             79.8991  23.5827 -10.7351  68.8089   0.884759 -0.0716556    1.34011  0.253169 -0.071958   0.43549 -0.000162371   -0.0183831    0.0614814   0.0209969   0.0407004 -0.00815325    0.0021631   -0.0049352 -0.000250103  0.0388665 -0.0350691 -0.0225801   -4.3448 -0.854129  -8.75269 
             79.9991  23.7705 -10.1609  69.0017   0.886235 -0.0691715    1.33849   0.253117 -0.0714079   0.435263 -0.000155328   -0.0183866    0.0614667   0.0149194   0.0291674 -0.00906321   0.00215996  -0.00495335 -0.000241226  0.0389486 -0.0350533 -0.0224574 -4.34478 -0.85417  -8.7527 
             80.0991  23.7632 -9.86373  69.1543   0.883184 -0.0686643    1.33803   0.254078 -0.0706068   0.436114 -0.000152004    -0.018388    0.0614601  -0.0125001   0.0093881 -0.00568349    0.002167 -0.00495325 -0.00023055  0.0390485 -0.0353294 -0.0223242  -4.34484 -0.854274  -8.75266 
              80.199 23.6975 -9.8165 69.3338   0.882512 -0.0700174    1.33759   0.253551 -0.0707975   0.434796 -0.000153303   -0.0183888    0.0614604  -0.0217245  -0.0116183 -0.00463435   0.00217282  -0.00494897 -0.000241646   0.039219 -0.0351974 -0.0224738  -4.34476 -0.854314  -8.75269 
             80.2991  23.3172 -9.95428  69.4006   0.878289 -0.0721835    1.33931  0.254626 -0.071623  0.436981 -0.000145768   -0.0183975    0.0614898 -0.0220299 -0.0337327 0.00368618   0.00218274  -0.00493789 -0.000241016   0.039348 -0.0354835  -0.022656  -4.34484 -0.854338  -8.75265 
              80.399  23.1584 -10.4067     69.7   0.875735 -0.0739031    1.33851  0.254936 -0.070658  0.437856 -0.000151472   -0.0184018    0.0614796  -0.0211922   -0.023676 -0.00108684   0.00217397  -0.00493324 -0.000258625   0.039073 -0.0355062 -0.0223918  -4.34489 -0.854285  -8.75263 
              80.499  23.2549 -10.7753  69.4531   0.879901 -0.0748092    1.33765   0.252285 -0.0728202   0.433088 -0.000128946   -0.0184017    0.0614756 -0.00143307 -0.00523115 -0.00863706   0.00217609  -0.00491637 -0.000243814  0.0391988 -0.0350152 -0.0227321  -4.34474 -0.854218  -8.75272 
             80.6001  23.2453 -10.8677  69.2916   0.882651 -0.0740676    1.33804   0.251727 -0.0743403   0.432188 -0.000124119   -0.0183943    0.0614771   0.0204327  0.00372347 -0.00191983   0.00218077  -0.00492473 -0.000238052  0.0392642 -0.0348795 -0.0230096  -4.34471 -0.854169  -8.75273 
              80.699   23.109 -11.0791  69.5101   0.884326 -0.0711769    1.33795   0.252042 -0.0746528   0.432822 -0.000119188    -0.018398    0.0614821   0.0250304   0.0241291 -0.00878906   0.00217869  -0.00492376 -0.000265238  0.0391467 -0.0349897 -0.0229873 -4.34478 -0.85414 -8.75271 
             80.7991  23.2897 -10.9499  69.3433   0.886057 -0.0675956    1.33692   0.252184 -0.0745823   0.433104 -0.00011981  -0.0183981   0.0614796   0.0229492   0.0337034 -0.00852968   0.00216833  -0.00492585 -0.000242407  0.0391072 -0.0350767 -0.0229225  -4.34481 -0.854143  -8.75269 
             80.8991 23.4157 -10.417 69.1579    0.88803 -0.0668359    1.33561   0.252171 -0.0740188   0.432937 -0.00011193  -0.0184103   0.0614599   0.0164517   0.0194506 -0.00818463   0.00216357   -0.0049467 -0.000225463  0.0392338 -0.0350361 -0.0228663 -4.34477 -0.85419 -8.75271 
              80.999  23.5955 -10.3242  69.0961   0.886058 -0.0683043      1.333   0.252466 -0.0725417   0.433335 -0.000103834   -0.0184133    0.0614487 -0.00500531 -0.00667428  -0.0146866  0.00215972 -0.00493821 -0.00024374  0.0393679 -0.0352087 -0.0225516  -4.34477 -0.854297  -8.75269 
              81.099   23.578 -10.3001  69.0258   0.885947 -0.0691112    1.33565     0.2529 -0.0747472   0.433687 -9.72944e-05   -0.0184215    0.0614549 -0.00656602  -0.0112839  0.00216224   0.00217412  -0.00491581 -0.000254112  0.0395919 -0.0352763 -0.0231679  -4.34478 -0.854305  -8.75269 
              81.199  23.4917 -10.4888  69.1351   0.881321 -0.0734839     1.3334   0.253619 -0.0716942   0.434081 -9.54988e-05   -0.0183891    0.0614814 -0.0170214 -0.0167958 -0.0034734  0.00217848 -0.00493617 -0.00025066  0.0396396 -0.0354464 -0.0226381  -4.34478 -0.854453  -8.75268 
             81.2989  23.5189 -10.5644  69.1247   0.883483 -0.0743295    1.33479   0.252678 -0.0738047   0.432874 -9.74864e-05   -0.0183976    0.0614756 -0.00105432  -0.0125463  0.00059233  0.00217624 -0.00492147 -0.00024241  0.0397507  -0.035254 -0.0230704 -4.34472 -0.85439 -8.75271 
              81.399  23.5893 -10.6025  69.0044   0.880718 -0.0731208    1.33201   0.253133 -0.0722463   0.434271 -9.8356e-05  -0.0183946   0.0614729  -0.0154675 -0.00405815  -0.0103345    0.0021651  -0.00493162 -0.000248015  0.0393696 -0.0353856 -0.0224915  -4.34482 -0.854331  -8.75267 
             81.4989  23.6376 -10.6733   69.046   0.882942 -0.0702441    1.33233   0.252313 -0.0741739   0.433859 -0.000101414   -0.0183984     0.061478 0.00544835 0.00138909 0.00370019   0.00216918   -0.0049177 -0.000251863  0.0392446 -0.0352165 -0.0227678  -4.34481 -0.854198  -8.75268 
              81.599  23.4405 -10.7253   69.217   0.884877 -0.0686673    1.33116    0.25188 -0.0736761   0.433694 -9.97724e-05    -0.018396    0.0614747   0.0199363   0.0128202 -0.00120259   0.00217478   -0.0049251 -0.000261952  0.0390623 -0.0351201 -0.0225195 -4.34481 -0.85414 -8.75269 
             81.6989 23.6038 -11.002 69.1758   0.885891 -0.0696895     1.3317   0.252484 -0.0731438    0.43368 -9.48112e-05   -0.0183905    0.0614821   0.0189272   0.0176167 -0.00836923      0.00216  -0.00491677 -0.000251885  0.0392585 -0.0351707 -0.0226578  -4.34478 -0.854238  -8.75269 
             81.7991  23.7901 -10.8753  69.0427    0.88899 -0.0683544    1.33199   0.252419 -0.0734711   0.433335 -9.59316e-05   -0.0183893    0.0614841  0.0268708  0.0162128 0.00525468   0.00216595  -0.00493638 -0.000242141  0.0393437 -0.0351018  -0.022838  -4.34475 -0.854248  -8.75271 
             81.8989  23.9625 -10.5256  69.0382    0.89043 -0.0687763    1.33446   0.252878 -0.0733928   0.433364 -0.000107358   -0.0183914      0.06147  0.0220499 0.00632841    0.01943   0.00215991  -0.00494667 -0.000251087  0.0395008 -0.0352025 -0.0229758  -4.34475 -0.854323   -8.7527 
             81.9989  24.0735 -10.5606  69.1176   0.893562 -0.0683591     1.3379   0.252826 -0.0740851   0.433122 -0.000110261   -0.0183904    0.0614731   0.022559 0.00911679   0.020476   0.00216638  -0.00491876 -0.000251115  0.0395856 -0.0351756 -0.0232656 -4.34472 -0.85433 -8.75271 
             82.0989  24.0234 -10.4329  69.0736   0.896704 -0.0637909    1.34046   0.252903 -0.0750449    0.43463 -0.000112451   -0.0183843    0.0614756  0.0303592 0.00304567   0.031749   0.00217212   -0.0049171 -0.000234829   0.039275 -0.0352306 -0.0231942  -4.34481 -0.854188  -8.75268 
             82.1989  23.8418 -10.4007  68.7708   0.896513 -0.0647301    1.33956   0.253557 -0.0722681   0.434994 -0.000120008   -0.0183704    0.0614847  0.0154678 -0.0102697  0.0125602   0.00216728  -0.00491515 -0.000236965  0.0390869  -0.035261 -0.0225063  -4.34484 -0.854231  -8.75266 
             82.2989  24.0005 -10.5338  68.3133   0.896533 -0.0659849    1.34221     0.2539 -0.0730414   0.435539 -0.000118482   -0.0183699    0.0614847 -0.00755743 -0.00924549   0.0138367   0.00216124  -0.00490844 -0.000237728  0.0392007  -0.035366 -0.0227189  -4.34486 -0.854249  -8.75265 
             82.3989  24.0276 -10.7687  68.2997   0.898034 -0.0706573    1.34151   0.252836 -0.0722971   0.432523 -0.000136412   -0.0183582     0.061503 -2.46144e-05   -0.0241272   0.00259064   0.00216512  -0.00491189 -0.000256734  0.0394333  -0.035024 -0.0226847 -4.34472 -0.85433 -8.75272 
             82.4989   24.006 -10.8168  68.5155  0.897963 -0.071222   1.34205   0.252943 -0.0726249   0.433082 -0.00013287  -0.0183636   0.0615051 -0.00190454 -0.00160131  0.00245768   0.00216442  -0.00492462 -0.000256806  0.0393854 -0.0350903  -0.022737  -4.34474 -0.854307  -8.75271 
             82.5989   24.068 -10.6855  68.2535   0.899447 -0.0718422     1.3412   0.252696 -0.0720294    0.43195 -0.000120659   -0.0183674    0.0615004 0.00756828 0.00469737   0.015056   0.00215227  -0.00492061 -0.000240823   0.039406 -0.0348184 -0.0226064  -4.34468 -0.854311  -8.75274 
             82.6988  23.9049 -10.1356  68.3303  0.900534 -0.070853   1.34456   0.252817 -0.0722991   0.432441 -0.00012582  -0.0183657   0.0615125   0.0233949 -0.00717258   0.0400322   0.00216545  -0.00495244 -0.000239323  0.0393554 -0.0349022 -0.0226468   -4.3447 -0.854293  -8.75273 
             82.7989  23.6592 -9.53632  68.3809  0.902322 -0.072482     1.349    0.25318 -0.0719833   0.432637 -0.000120849   -0.0183642     0.061512   0.031812 -0.0279019  0.0619908   0.00216707  -0.00495029 -0.000240914  0.0393223 -0.0349337 -0.0225289 -4.34473  -0.8543 -8.75271 
             82.8988   23.624 -9.31324  68.3823   0.906031 -0.0749399    1.35843   0.253578 -0.0725466    0.43298 -0.000119483   -0.0183635    0.0615131  0.0464856 -0.0207705   0.101571   0.00215558  -0.00493683 -0.000253293   0.039396 -0.0349808 -0.0227286 -4.34474 -0.85431 -8.75271 
              82.999  23.0928 -8.63416  68.5526  0.911765 -0.076406   1.37368   0.254325 -0.0763549   0.434062 -0.000141664   -0.0183848    0.0615402  0.0440785 -0.0357962   0.122644   0.00217072  -0.00494686 -0.000250426  0.0397318 -0.0350587 -0.0234414  -4.34477 -0.854266  -8.75269 
             83.0988   22.577 -8.35215  67.7649  0.917336 -0.086413   1.38171   0.252022 -0.0730744   0.430399 -9.31669e-05   -0.0184143    0.0615267  0.0314197 -0.0905342  0.0709912   0.0021761 -0.00492786 -0.00020754  0.0396211 -0.0348333  -0.023136  -4.34463 -0.854374  -8.75275 
             83.1988  22.3153 -9.57322  66.4073   0.913765 -0.0936803    1.38314   0.254648 -0.0687001   0.435314 -0.000210702    -0.018414    0.0616209 -0.000447747   -0.0380751  -0.00518814   0.00216019  -0.00487868 -0.000233085  0.0391842 -0.0351675  -0.022371  -4.34475 -0.854357   -8.7527 
             83.2989  22.5988 -10.3451  67.2145   0.919578 -0.0942193    1.38519   0.254324 -0.0737274   0.432227 -0.000230505   -0.0184456     0.061625  0.0288673  0.0030998 -0.0140703   0.00212923  -0.00489419 -0.000302697  0.0395579 -0.0347089 -0.0233076  -4.34468 -0.854304  -8.75274 
              83.399  22.9798 -9.33584  68.0609   0.921985 -0.0897798     1.3848   0.254242 -0.0720716   0.432588 -0.000178014   -0.0185054    0.0617096  0.0182777  0.0169879 0.00237149   0.00213027  -0.00495081 -0.000284851  0.0389306  -0.034861 -0.0230911  -4.34474 -0.854206  -8.75272 
              83.499  23.3211 -8.63097  67.7889   0.918197 -0.0884712    1.37785   0.253127 -0.0702042    0.43262 -4.28073e-05   -0.0185603    0.0616205 -0.00838005   0.0203679  -0.0131993  0.00212056 -0.00495475 -0.00024124  0.0389744 -0.0350967 -0.0219883  -4.34478 -0.854275  -8.75269 
             83.5993  23.2041 -8.76702  68.5997   0.918493 -0.0880447    1.38006   0.253301 -0.0708918   0.432848 -3.95991e-05   -0.0185682    0.0616325   0.0114259 -0.00714202   0.0209708  0.00213828 -0.00493306 -0.00027714  0.0390369 -0.0351644 -0.0222617  -4.34479 -0.854275  -8.75269 
             83.6988  23.5449 -8.67276  68.8814   0.91979 -0.087824   1.38348   0.253415 -0.0718813   0.433351 -3.97591e-05   -0.0185693    0.0616296 0.000680669  0.00266165   0.0217891   0.00212988  -0.00494173 -0.000259579  0.0390698 -0.0352088 -0.0224428  -4.34481 -0.854245  -8.75268 
             83.7989  23.9423 -8.53217  68.1385   0.919721 -0.0909196    1.38709    0.25304 -0.0725761   0.431659 -5.17732e-06   -0.0186117    0.0616526  -0.0169613 -0.00354993   0.0154619   0.00212632  -0.00492842 -0.000223868  0.0394169 -0.0351036 -0.0228313  -4.34474 -0.854328  -8.75271 
             83.8988  24.0338 -8.73988  68.2903   0.918399 -0.0921456    1.39207   0.252492 -0.0756537   0.431594 1.1862e-05 -0.0186171  0.0616568  -0.0160396 -0.00349424   0.0288025   0.00213452  -0.00491438 -0.000237829   0.039926 -0.0352621 -0.0234927  -4.34472 -0.854359  -8.75271 
             83.9988  23.9078 -8.70607  68.4556   0.915465 -0.0910848    1.39353   0.253474 -0.0735901   0.432745 1.80313e-05   -0.018609   0.0616626 -0.0239815 0.00426912  0.0324749   0.00213826  -0.00492893 -0.000241171  0.0395606 -0.0352427 -0.0230603  -4.34477 -0.854329  -8.75269 
             84.0988   23.887 -8.61497  68.3061   0.915114 -0.0904125    1.39658   0.252756 -0.0739556   0.431725  2.344e-05 -0.0186076  0.0616561  -0.0204837 -0.00653373   0.0375801   0.00214161   -0.0049151 -0.000241371  0.0394976 -0.0350614 -0.0230833  -4.34473 -0.854292  -8.75271 
             84.1988  23.8252 -8.85255  68.6227    0.91236 -0.0920051    1.40015  0.252825 -0.073622  0.431383 2.57695e-05  -0.0185986   0.0616572 -0.0237599 0.00145992  0.0287078   0.00214257  -0.00491141 -0.000254219  0.0395933 -0.0350902 -0.0231024  -4.34472 -0.854341  -8.75271 
             84.2988  23.8069 -8.95841  68.7543   0.909859 -0.0916112    1.39641   0.253009 -0.0688209   0.429359 3.11857e-05   -0.018599   0.0616544 -0.0245932  0.0021067 -0.0027605  0.00214043 -0.00492569 -0.00024606   0.038954 -0.0346452 -0.0220975  -4.34468 -0.854348  -8.75273 
             84.3995  23.6608 -8.56793   68.597   0.906176 -0.0917346    1.39759   0.253042 -0.0700851   0.429732 1.22929e-05  -0.0186071   0.0616567 -0.0446813 0.00560551 0.00220063   0.00214356  -0.00492746 -0.000229532  0.0392053 -0.0347742    -0.0224  -4.34468 -0.854371  -8.75273 
             84.4988  23.4265 -8.23817  68.7528   0.902276 -0.0916632    1.39983   0.252896 -0.0709247   0.429822 5.27595e-06  -0.0186086   0.0616599 -0.0349381 0.00154104  0.0241496   0.00213829  -0.00494039 -0.000245255  0.0393149 -0.0348158 -0.0225742  -4.34468 -0.854368  -8.75273 
             84.5991  23.1094 -8.60458  68.9292   0.900145 -0.0893668    1.40432   0.252593 -0.0730007   0.430316 1.04054e-05  -0.0186202   0.0616515 -0.0239732  0.0233997   0.030014   0.00214895  -0.00491855 -0.000264157  0.0394451 -0.0348868 -0.0229338  -4.34469 -0.854319  -8.75273 
             84.6988  22.9181 -8.59054  69.2157   0.897327 -0.0877457    1.40553   0.252761 -0.0718229   0.430124 1.18008e-05   -0.018615   0.0616521 -0.0151904  0.0248647  0.0048793   0.00214322   -0.0049303 -0.000263146  0.0393931 -0.0348686 -0.0227603  -4.34469 -0.854353  -8.75273 
             84.7988  22.8017 -8.34161  69.0907   0.894976 -0.0818981     1.4042   0.253125 -0.0714694   0.431348 8.93401e-06  -0.0186064   0.0616541 -0.0187005  0.0425941 -0.0134201  0.00213785 -0.00494252 -0.00024711  0.0391404 -0.0349974  -0.022547  -4.34475 -0.854299   -8.7527 
             84.8989   23.065 -8.12144  68.9521     0.8931 -0.0803882    1.40453   0.253694 -0.0720724   0.431835 2.32743e-06  -0.0186053   0.0616491  -0.0103482   0.0337221 -0.00458039   0.00211851   -0.0049361 -0.000231313  0.0394842 -0.0350213  -0.022813  -4.34473 -0.854359  -8.75271 
             84.9988  23.2037 -8.11217   69.001   0.891235 -0.0785098    1.40393   0.253745 -0.0710978   0.432077 3.63888e-06  -0.0186074   0.0616488 -0.00987481   0.0178319   0.0053827   0.00212448  -0.00493367 -0.000247974  0.0394545 -0.0350606 -0.0226418  -4.34473 -0.854386   -8.7527 
             85.0989 23.1517 -7.9706 68.9116   0.889216 -0.0751602    1.40547   0.254199 -0.0717892   0.433285 1.4135e-06 -0.0186056  0.0616526 -0.0135045  0.0105319  0.0118073   0.00212287  -0.00493953 -0.000243278  0.0393709 -0.0351747 -0.0226862  -4.34478 -0.854334  -8.75268 
              85.199  22.8402 -8.08942  69.2221   0.889944 -0.0748792    1.40689   0.253549 -0.0731726   0.432039 -5.97488e-06   -0.0186124    0.0616465 -0.000154118 -0.000577855   0.00357734   0.00213773  -0.00492898 -0.000269432  0.0395481 -0.0350773 -0.0229247  -4.34475 -0.854335   -8.7527 
             85.2988  23.0535 -8.28071  69.2178   0.894929 -0.0756526    1.40707   0.251045 -0.0762733   0.427107 -1.48263e-05   -0.0186157     0.061659   0.0153092 -0.00277977 -0.00961176   0.00212304   -0.0049253 -0.000258691  0.0399331 -0.0347028 -0.0234122 -4.34462 -0.85435 -8.75276 
             85.3989  23.0726 -8.38049  68.9179   0.895286 -0.0768976    1.40644   0.251724 -0.0761716   0.428366 -1.97721e-05   -0.0186204    0.0616647  0.0154559 -0.0101298 -0.0091252   0.00212654  -0.00491022 -0.000235743  0.0400385 -0.0348104 -0.0234534  -4.34464 -0.854371  -8.75275 
              85.499  23.0167 -8.57826  69.3422   0.897667 -0.0766626    1.40525   0.251595 -0.0758471   0.428148 -1.93751e-05   -0.0186248    0.0616653   0.0284389  0.00493484 -0.00705453   0.00213179   -0.0049122 -0.000262734  0.0399194 -0.0347806 -0.0233603  -4.34464 -0.854354  -8.75275 
             85.5988  23.0127 -8.73807  69.3612   0.899271 -0.0755029    1.40301    0.25181 -0.0738703   0.428999 -1.438e-05 -0.0186221  0.0616636  0.0267305 0.00512286 -0.0081269   0.00213488  -0.00491299 -0.000263551  0.0396146 -0.0348796 -0.0229511  -4.34467 -0.854346  -8.75274 
              85.699  23.1974 -8.54821  69.2736  0.899724 -0.074417   1.40363     0.2527 -0.0742458   0.430513 -2.67599e-05   -0.0186202    0.0616605  0.00610821   0.0084706 -0.00188006   0.00212543  -0.00492185 -0.000253747  0.0396623 -0.0350423  -0.023041  -4.34472 -0.854343  -8.75271 
             85.7989  23.2039 -8.27927  69.1728   0.895851 -0.0752276    1.40431   0.254439 -0.0730452   0.433114 -3.95577e-05   -0.0186298     0.061655  -0.0174772 -0.00484461  0.00239209   0.00212054  -0.00493001 -0.000233311   0.039689 -0.0353281 -0.0229235   -4.3448 -0.854391  -8.75267 
             85.8991  23.0622 -8.25537  69.5093   0.894152 -0.0768195    1.40413   0.254272 -0.0726764   0.432629 -4.06857e-05    -0.018627     0.061652    -0.016213   -0.0164689 -0.000418733   0.00213142  -0.00492094 -0.000261992  0.0396925 -0.0352858 -0.0228767  -4.34478 -0.854408  -8.75268 
             85.9989  22.8492 -8.28312  69.6788    0.89579 -0.0802151     1.4043   0.252862 -0.0742378   0.429527 -5.0932e-05  -0.0186304   0.0616447  0.00229074  -0.0222739 -0.00375668    0.0021417  -0.00491965 -0.000270814  0.0400285 -0.0350388 -0.0232084  -4.34468 -0.854452  -8.75272 
             86.0989  22.7763 -8.13228  69.5208   0.898626 -0.0792016    1.40348   0.251858 -0.0753457   0.428484 -4.77055e-05   -0.0186161    0.0616377  0.00934324  -0.0151888 -0.00560683   0.00213927  -0.00491541 -0.000247961  0.0397819 -0.0349262 -0.0232235  -4.34468 -0.854354  -8.75273 
              86.199  22.8328 -8.18601  69.3578     0.9002 -0.0819997    1.40393   0.251984 -0.0765836   0.428354 -4.5946e-05  -0.0186169   0.0616424  0.0128729    -0.0193 -0.0105794   0.00213157  -0.00490678 -0.000237951  0.0400704 -0.0349062 -0.0235169  -4.34466 -0.854379  -8.75274 
             86.2989  22.9624 -8.37669   69.429   0.900078 -0.0822099    1.40137   0.252251 -0.0750438    0.42927 -4.4686e-05  -0.0186253   0.0616343 0.00794133 -0.0117159 -0.0151841  0.00212522 -0.00490743 -0.00025659  0.0397396 -0.0349994 -0.0231705  -4.34471 -0.854351  -8.75272 
             86.3993  22.9534 -8.48471  69.3227   0.899816 -0.0827854    1.39888   0.252432 -0.0734672   0.429939 -4.38031e-05   -0.0186244    0.0616335  0.00982985 -0.00505416  -0.0152348   0.00213776  -0.00490099 -0.000258112  0.0395039 -0.0350751 -0.0228577  -4.34473 -0.854347  -8.75271 
             86.4991  22.9889 -8.82043  69.5417   0.902688 -0.0808689    1.39842   0.252352 -0.0752148   0.429852 -4.39387e-05    -0.018635    0.0616304  0.0276209  0.0165338 -0.0168468   0.00213559   -0.0049016 -0.000278991  0.0395559 -0.0350508 -0.0231071  -4.34475 -0.854298   -8.7527 
             86.5987  23.2265 -8.98501  69.8627   0.906629 -0.0820824    1.39482   0.251702 -0.0743655   0.428543 -5.47409e-05   -0.0186188    0.0616338  0.0280175  0.0115936 -0.0402689    0.0021277  -0.00491105 -0.000278213  0.0397281  -0.034911 -0.0230919  -4.34467 -0.854366  -8.75274 
             86.6989  23.5721 -8.80804  69.6133  0.905931 -0.079907    1.3891   0.252016 -0.0729975   0.429734 -5.52195e-05   -0.0186191    0.0616284 0.00332352  0.0064221  -0.044559   0.00212475   -0.0049216 -0.000242477  0.0394777 -0.0351043 -0.0227154  -4.34473 -0.854358  -8.75271 
              86.799   23.556 -8.90992  69.8749   0.902956 -0.0841993     1.3862   0.252549 -0.0726474   0.430439 -5.37261e-05   -0.0186173    0.0616257 -0.0197741 -0.0243871  -0.024922   0.00214408  -0.00491682 -0.000268386  0.0398764 -0.0353188 -0.0227827  -4.34472 -0.854481   -8.7527 
              86.899  23.6771 -9.14214  70.2053   0.904418 -0.0890753    1.38512   0.251347 -0.0739158   0.427667 -7.00458e-05   -0.0186145    0.0616272 0.00643877 -0.0380287 -0.0025978   0.00213701   -0.0049165 -0.000261408  0.0401724 -0.0350552 -0.0230798  -4.34462 -0.854514  -8.75275 
             86.9993  23.5315 -9.55578  70.1894   0.905336 -0.0903375    1.38377   0.251764 -0.0727494   0.428647 -7.68313e-05   -0.0186042    0.0616206   0.0222913  -0.0166705 -0.00415476   0.00214419  -0.00491007 -0.000257658  0.0398688 -0.0350728 -0.0227697 -4.34466 -0.85447 -8.75273 
